FECHA (YYMMDD);HORA (HHMM);Registros validados;Registros preliminares;Registros no validados;
160201;0000;;;0,0763097;
160202;0000;;;0,161685;
160203;0000;;;0,369947;
160204;0000;;;0,31645;
160205;0000;;;0,33614;
160206;0000;;;0,372378;
160207;0000;;;0,362702;
160208;0000;;;0,343271;
160209;0000;;;0,350317;
160210;0000;;;0,364986;
160211;0000;;;0,378764;
160212;0000;;;0,340314;
160213;0000;;;0,369809;
160214;0000;;;0,359174;
160215;0000;;;0,348557;
160216;0000;;;0,339652;
160217;0000;;;0,379823;
160218;0000;;;0,37145;
160219;0000;;;0,397099;
160220;0000;;;0,412624;
160221;0000;;;0,401379;
160222;0000;;;0,352625;
160223;0000;;;0,385841;
160224;0000;;;0,354198;
160225;0000;;;0,263686;
160226;0000;;;0,248945;
160227;0000;;;0,284478;
160228;0000;;;0,292683;
160229;0000;;;0,242187;
160301;0000;;;0,289314;
160302;0000;;;0,331271;
160303;0000;;;0,317782;
160304;0000;;;0,338973;
160305;0000;;;0,342229;
160306;0000;;;0,315461;
160307;0000;;;0,299678;
160308;0000;;;0,336434;
160309;0000;;;0,348356;
160310;0000;;;0,293916;
160311;0000;;;0,32547;
160312;0000;;;0,317391;
160313;0000;;;0,333199;
160314;0000;;;0,314026;
160315;0000;;;0,34689;
160316;0000;;;0,403359;
160317;0000;;;0,364689;
160318;0000;;;0,360709;
160319;0000;;;0,354947;
160320;0000;;;0,351033;
160321;0000;;;0,351891;
160322;0000;;;0,418013;
160323;0000;;;0,436897;
160324;0000;;;0,405855;
160325;0000;;;0,446958;
160326;0000;;;0,469079;
160327;0000;;;0,424904;
160328;0000;;;0,380312;
160329;0000;;;0,403282;
160330;0000;;;0,367386;
160331;0000;;;0,355997;
160401;0000;;;0,400036;
160402;0000;;;0,324192;
160403;0000;;;0,287802;
160404;0000;;;0,309588;
160405;0000;;;0,376818;
160406;0000;;;0,334956;
160407;0000;;;0,303064;
160408;0000;;;0,280231;
160409;0000;;;0,2632;
160410;0000;;;0,341588;
160411;0000;;;0,343611;
160412;0000;;;0,318494;
160413;0000;;;0,327896;
160414;0000;;;0,297827;
160415;0000;;;0,322508;
160416;0000;;;0,31705;
160417;0000;;;0,339777;
160418;0000;;;0,298242;
160419;0000;;;0,259729;
160420;0000;;;0,276191;
160421;0000;;;0,294156;
160422;0000;;;0,296698;
160423;0000;;;0,266312;
160424;0000;;;0,247844;
160425;0000;;;0,221052;
160426;0000;;;0,27508;
160427;0000;;;0,372222;
160428;0000;;;0,40238;
160429;0000;;;0,404386;
160430;0000;;;0,508123;
160501;0000;;;0,496443;
160502;0000;;;0,458446;
160503;0000;;;0,456419;
160504;0000;;;0,400899;
160505;0000;;;0,381011;
160506;0000;;;0,361312;
160507;0000;;;0,354871;
160508;0000;;;0,352402;
160509;0000;;;0,333399;
160510;0000;;;0,320823;
160511;0000;;;0,264026;
160512;0000;;;0,329516;
160513;0000;;;0,363097;
160514;0000;;;0,274139;
160515;0000;;;0,241341;
160516;0000;;;0,287237;
160517;0000;;;0,336438;
160518;0000;;;0,375618;
160519;0000;;;0,391536;
160520;0000;;;0,346943;
160521;0000;;;0,348526;
160522;0000;;;0,384973;
160523;0000;;;0,364772;
160524;0000;;;0,417593;
160525;0000;;;0,387673;
160526;0000;;;0,377714;
160527;0000;;;0,432499;
160528;0000;;;0,434067;
160529;0000;;;0,380884;
160530;0000;;;0,322423;
160531;0000;;;0,313982;
160601;0000;;;0,282368;
160602;0000;;;0,34139;
160603;0000;;;0,321767;
160604;0000;;;0,253718;
160605;0000;;;0,253997;
160606;0000;;;0,319011;
160607;0000;;;0,388575;
160608;0000;;;0,432589;
160609;0000;;;0,430305;
160610;0000;;;0,482343;
160611;0000;;;0,448975;
160612;0000;;;0,407123;
160613;0000;;;0,31189;
160614;0000;;;0,329408;
160615;0000;;;0,446726;
160616;0000;;;0,48453;
160617;0000;;;0,419484;
160618;0000;;;0,469472;
160619;0000;;;0,423875;
160620;0000;;;0,378449;
160621;0000;;;0,535303;
160622;0000;;;0,495947;
160623;0000;;;0,449292;
160624;0000;;;0,394717;
160625;0000;;;0,416615;
160626;0000;;;0,435151;
160627;0000;;;0,464407;
160628;0000;;;0,471258;
160629;0000;;;0,414846;
160630;0000;;;0,504458;
160701;0000;;;0,463727;
160702;0000;;;0,310406;
160703;0000;;;0,349108;
160704;0000;;;0,36175;
160705;0000;;;0,359599;
160706;0000;;;0,39779;
160707;0000;;;0,440207;
160708;0000;;;0,34201;
160709;0000;;;0,360508;
160710;0000;;;0,343508;
160711;0000;;;0,284572;
160712;0000;;;0,375217;
160713;0000;;;0,299577;
160714;0000;;;0,309526;
160715;0000;;;0,419774;
160716;0000;;;0,454861;
160717;0000;;;0,462405;
160718;0000;;;0,37308;
160719;0000;;;0,431774;
160720;0000;;;0,401462;
160721;0000;;;0,55545;
160722;0000;;;0,44649;
160723;0000;;;0,449103;
160724;0000;;;0,398417;
160725;0000;;;0,293685;
160726;0000;;;0,404583;
160727;0000;;;0,423664;
160728;0000;;;0,449198;
160729;0000;;;0,424559;
160730;0000;;;0,357951;
160731;0000;;;0,3536;
160801;0000;;;0,34595;
160802;0000;;;0,382034;
160803;0000;;;0,400133;
160804;0000;;;0,388211;
160805;0000;;;0,329832;
160806;0000;;;0,355388;
160807;0000;;;0,342333;
160808;0000;;;0,342493;
160809;0000;;;0,404109;
160810;0000;;;0,190205;
160811;0000;;;0,152246;
160812;0000;;;0,192282;
160813;0000;;;0,235083;
160814;0000;;;0,260799;
160815;0000;;;0,291362;
160816;0000;;;0,197328;
160817;0000;;;0,167694;
160818;0000;;;0,151344;
160819;0000;;;0,178898;
160820;0000;;;0,194407;
160821;0000;;;0,262256;
160822;0000;;;0,249743;
160823;0000;;;0,248771;
160824;0000;;;0,266501;
160825;0000;;;0,279664;
160826;0000;;;0,282152;
160827;0000;;;0,270504;
160828;0000;;;0,280962;
160829;0000;;;0,291217;
160830;0000;;;0,26675;
160831;0000;;;0,236531;
160901;0000;;;0,227275;
160902;0000;;;0,234119;
160903;0000;;;0,344749;
160904;0000;;;0,289999;
160905;0000;;;0,262879;
160906;0000;;;0,339254;
160907;0000;;;0,339111;
160908;0000;;;0,331163;
160909;0000;;;0,348924;
160910;0000;;;0,303421;
160911;0000;;;0,284206;
160912;0000;;;0,260068;
160913;0000;;;0,269052;
160914;0000;;;0,331282;
160915;0000;;;0,312518;
160916;0000;;;0,319518;
160917;0000;;;0,328365;
160918;0000;;;0,427318;
160919;0000;;;0,386922;
160920;0000;;;0,393754;
160921;0000;;;0,35795;
160922;0000;;;0,34909;
160923;0000;;;0,337002;
160924;0000;;;0,321581;
160925;0000;;;0,287942;
160926;0000;;;0,321588;
160927;0000;;;0,353885;
160928;0000;;;0,368059;
160929;0000;;;0,31274;
160930;0000;;;0,32716;
161001;0000;;;0,318568;
161002;0000;;;0,323626;
161003;0000;;;0,280967;
161004;0000;;;0,247536;
161005;0000;;;0,248902;
161006;0000;;;0,257423;
161007;0000;;;0,264094;
161008;0000;;;0,27609;
161009;0000;;;0,292432;
161010;0000;;;0,271156;
161011;0000;;;0,282449;
161012;0000;;;0,276803;
161013;0000;;;0,263736;
161014;0000;;;0,268866;
161015;0000;;;0,255855;
161016;0000;;;0,226893;
161017;0000;;;0,185632;
161018;0000;;;0,191457;
161019;0000;;;0,191037;
161020;0000;;;0,228377;
161021;0000;;;0,24491;
161022;0000;;;0,225726;
161023;0000;;;0,248548;
161024;0000;;;0,210736;
161025;0000;;;0,238477;
161026;0000;;;0,299131;
161027;0000;;;0,291397;
161028;0000;;;0,284982;
161029;0000;;;0,283159;
161030;0000;;;0,28172;
161031;0000;;;0,270148;
161101;0000;;;0,202164;
161102;0000;;;0,224448;
161103;0000;;;0,240643;
161104;0000;;;0,252186;
161105;0000;;;0,255313;
161106;0000;;;0,237955;
161107;0000;;;0,24093;
161108;0000;;;0,270955;
161109;0000;;;0,280346;
161110;0000;;;0,27995;
161111;0000;;;0,269553;
161112;0000;;;0,262795;
161113;0000;;;0,241282;
161114;0000;;;0,236772;
161115;0000;;;0,241432;
161116;0000;;;0,237028;
161117;0000;;;0,298377;
161118;0000;;;0,264174;
161119;0000;;;0,244183;
161120;0000;;;0,229869;
161121;0000;;;0,238911;
161122;0000;;;0,218234;
161123;0000;;;0,210511;
161124;0000;;;0,244713;
161125;0000;;;0,198364;
161126;0000;;;0,220816;
161127;0000;;;0,200434;
161128;0000;;;0,21144;
161129;0000;;;0,241837;
161130;0000;;;0,273458;
161201;0000;;;0,288932;
161202;0000;;;0,31693;
161203;0000;;;0,321447;
161204;0000;;;0,276495;
161205;0000;;;0,244071;
161206;0000;;;0,278725;
161207;0000;;;0,27691;
161208;0000;;;0,279021;
161209;0000;;;0,290461;
161210;0000;;;0,342718;
161211;0000;;;0,272205;
161212;0000;;;0,234079;
161213;0000;;;0,259502;
161214;0000;;;0,278675;
161215;0000;;;0,298213;
161216;0000;;;0,267993;
161217;0000;;;0,26065;
161218;0000;;;0,229538;
161219;0000;;;0,235162;
161220;0000;;;0,289475;
161221;0000;;;0,367918;
161222;0000;;;0,287942;
161223;0000;;;0,299724;
161224;0000;;;0,296799;
161225;0000;;;0,322213;
161226;0000;;;0,301241;
161227;0000;;;0,318829;
161228;0000;;;0,307769;
161229;0000;;;0,300258;
161230;0000;;;0,296435;
161231;0000;;;0,300203;
170101;0000;;;0,343488;
170102;0000;;;0,277381;
170103;0000;;;0,345479;
170104;0000;;;0,310965;
170105;0000;;;0,279397;
170106;0000;;;0,285365;
170107;0000;;;0,155184;
170108;0000;;;0,115131;
170109;0000;;;0,186517;
170110;0000;;;0,344725;
170111;0000;;;0,364456;
170112;0000;;;0,358702;
170113;0000;;;0,326545;
170114;0000;;;0,286076;
170115;0000;;;0,319513;
170116;0000;;;0,25037;
170117;0000;;;0,281898;
170118;0000;;;0,233808;
170119;0000;;;0,257192;
170120;0000;;;0,299366;
170121;0000;;;0,476553;
170122;0000;;;0,401165;
170123;0000;;;0,389534;
170124;0000;;;0,427247;
170125;0000;;;0,373813;
170126;0000;;;0,407266;
170127;0000;;;0,448678;
170128;0000;;;0,440649;
170129;0000;;;0,382935;
170130;0000;;;0,343869;
170131;0000;;;0,340557;
170201;0000;;;0,265135;
170202;0000;;;0,223337;
170203;0000;;;0,171756;
170204;0000;;;0,236903;
170205;0000;;;0,244828;
170206;0000;;;0,197326;
170207;0000;;;0,20216;
170208;0000;;;0,243362;
170209;0000;;;0,296655;
170210;0000;;;0,317159;
170211;0000;;;0,355342;
170212;0000;;;0,33478;
170213;0000;;;0,308258;
170214;0000;;;0,316612;
170215;0000;;;0,326103;
170216;0000;;;0,294908;
170217;0000;;;0,317083;
170218;0000;;;0,27663;
170219;0000;;;0,324413;
170220;0000;;;0,310022;
170221;0000;;;0,313646;
170222;0000;;;0,315365;
170223;0000;;;0,286495;
170224;0000;;;0,313802;
170225;0000;;;0,339403;
170226;0000;;;0,34105;
170227;0000;;;0,348737;
170228;0000;;;0,355412;
170301;0000;;;0,336967;
170302;0000;;;0,292138;
170303;0000;;;0,2543;
170304;0000;;;0,285068;
170305;0000;;;0,271965;
170306;0000;;;0,286276;
170307;0000;;;0,270254;
170308;0000;;;0,284496;
170309;0000;;;0,248038;
170310;0000;;;0,22981;
170311;0000;;;0,234469;
170312;0000;;;0,282965;
170313;0000;;;0,242451;
170314;0000;;;0,267562;
170315;0000;;;0,269969;
170316;0000;;;0,250401;
170317;0000;;;0,266017;
170318;0000;;;0,306103;
170319;0000;;;0,29567;
170320;0000;;;0,298329;
170321;0000;;;0,248439;
170322;0000;;;0,268183;
170323;0000;;;0,29661;
170324;0000;;;0,268178;
170325;0000;;;0,288344;
170326;0000;;;0,280914;
170327;0000;;;0,270546;
170328;0000;;;0,268803;
170329;0000;;;0,277905;
170330;0000;;;0,261769;
170331;0000;;;0,329591;
170401;0000;;;0,267666;
170402;0000;;;0,244915;
170403;0000;;;0,227949;
170404;0000;;;0,107254;
170405;0000;;;0,0942305;
170406;0000;;;0,0715466;
170407;0000;;;0,0506291;
170408;0000;;;0,0496507;
170409;0000;;;0,0775;
170410;0000;;;0,18172;
170411;0000;;;0,351231;
170412;0000;;;0,312313;
170413;0000;;;0,326297;
170414;0000;;;0,395231;
170415;0000;;;0,416867;
170416;0000;;;0,386049;
170417;0000;;;0,324022;
170418;0000;;;0,325764;
170419;0000;;;0,318964;
170420;0000;;;0,323475;
170421;0000;;;0,315968;
170422;0000;;;0,335495;
170423;0000;;;0,30209;
170424;0000;;;0,277216;
170425;0000;;;0,2718;
170426;0000;;;0,258224;
170427;0000;;;0,291451;
170428;0000;;;0,333342;
170429;0000;;;0,311008;
170430;0000;;;0,364923;
170501;0000;;;0,34;
170502;0000;;;0,31;
170503;0000;;;0,29;
170504;0000;;;0,3;
170505;0000;;;0,27;
170506;0000;;;0,19;
170507;0000;;;0,24;
170508;0000;;;0,25;
170509;0000;;;0,29;
170510;0000;;;0,21;
170511;0000;;;0,2;
170512;0000;;;0,25;
170513;0000;;;0,28;
170514;0000;;;0,23;
170515;0000;;;0,29;
170516;0000;;;0,31;
170517;0000;;;0,41;
170518;0000;;;0,32;
170519;0000;;;0,28;
170520;0000;;;0,49;
170521;0000;;;0,45;
170522;0000;;;0,4;
170523;0000;;;0,41;
170524;0000;;;0,47;
170525;0000;;;0,37;
170526;0000;;;0,43;
170527;0000;;;0,49;
170528;0000;;;0,46;
170529;0000;;;0,4;
170530;0000;;;0,47;
170531;0000;;;0,48;
170601;0000;;;0,44;
170602;0000;;;0,41;
170603;0000;;;0,3;
170604;0000;;;0,29;
170605;0000;;;0,32;
170606;0000;;;0,46;
170607;0000;;;0,42;
170608;0000;;;0,35;
170609;0000;;;0,39;
170610;0000;;;0,45;
170611;0000;;;0,6;
170612;0000;;;0,4;
170613;0000;;;0,36;
170614;0000;;;0,34;
170615;0000;;;0,47;
170616;0000;;;0,31;
170617;0000;;;0,26;
170618;0000;;;;
170619;0000;;;0,42;
170620;0000;;;0,52;
170621;0000;;;0,41;
170622;0000;;;0,39;
170623;0000;;;0,44;
170624;0000;;;0,38;
170625;0000;;;0,37;
170626;0000;;;0,35;
170627;0000;;;0,33;
170628;0000;;;0,38;
170629;0000;;;0,44;
170630;0000;;;0,41;
170701;0000;;;0,41;
170702;0000;;;0,35;
170703;0000;;;0,31;
170704;0000;;;0,38;
170705;0000;;;0,45;
170706;0000;;;0,49;
170707;0000;;;0,56;
170708;0000;;;0,47;
170709;0000;;;0,46;
170710;0000;;;0,52;
170711;0000;;;0,53;
170712;0000;;;0,41;
170713;0000;;;0,41;
170714;0000;;;0,38;
170715;0000;;;0,33;
170716;0000;;;0,34;
170717;0000;;;0,44;
170718;0000;;;0,48;
170719;0000;;;0,54;
170720;0000;;;0,46;
170721;0000;;;0,35;
170722;0000;;;0,31;
170723;0000;;;0,32;
170724;0000;;;0,34;
170725;0000;;;0,41;
170726;0000;;;0,42;
170727;0000;;;0,38;
170728;0000;;;0,35;
170729;0000;;;0,39;
170730;0000;;;0,37;
170731;0000;;;0,47;
170801;0000;;;0,4;
170802;0000;;;0,47;
170803;0000;;;0,54;
170804;0000;;;0,47;
170805;0000;;;0,4;
170806;0000;;;0,46;
170807;0000;;;0,46;
170808;0000;;;0,37;
170809;0000;;;0,27;
170810;0000;;;0,28;
170811;0000;;;0,32;
170812;0000;;;0,28;
170813;0000;;;0,39;
170814;0000;;;0,32;
170815;0000;;;0,31;
170816;0000;;;0,3;
170817;0000;;;0,29;
170818;0000;;;0,26;
170819;0000;;;0,27;
170820;0000;;;0,32;
170821;0000;;;0,32;
170822;0000;;;0,29;
170823;0000;;;0,28;
170824;0000;;;0,26;
170825;0000;;;0,34;
170826;0000;;;0,31;
170827;0000;;;0,3;
170828;0000;;;0,3;
170829;0000;;;0,27;
170830;0000;;;0,34;
170831;0000;;;0,31;
170901;0000;;;0,32;
170902;0000;;;0,29;
170903;0000;;;0,28;
170904;0000;;;0,3;
170905;0000;;;0,34;
170906;0000;;;0,27;
170907;0000;;;0,28;
170908;0000;;;0,25;
170909;0000;;;0,27;
170910;0000;;;0,26;
170911;0000;;;0,29;
170912;0000;;;0,27;
170913;0000;;;0,27;
170914;0000;;;0,26;
170915;0000;;;0,3;
170916;0000;;;0,39;
170917;0000;;;0,38;
170918;0000;;;0,42;
170919;0000;;;0,27;
170920;0000;;;0,31;
170921;0000;;;0,25;
170922;0000;;;0,31;
170923;0000;;;0,33;
170924;0000;;;0,29;
170925;0000;;;0,31;
170926;0000;;;0,3;
170927;0000;;;0,33;
170928;0000;;;0,28;
170929;0000;;;0,28;
170930;0000;;;0,29;
171001;0000;;;0,22;
171002;0000;;;0,22;
171003;0000;;;0,24;
171004;0000;;;0,24;
171005;0000;;;0,23;
171006;0000;;;0,22;
171007;0000;;;0,26;
171008;0000;;;0,23;
171009;0000;;;0,22;
171010;0000;;;0,23;
171011;0000;;;0,33;
171012;0000;;;0,37;
171013;0000;;;0,43;
171014;0000;;;0,42;
171015;0000;;;0,41;
171016;0000;;;0,34;
171017;0000;;;0,19;
171018;0000;;;0,14;
171019;0000;;;0,16;
171020;0000;;;0,16;
171021;0000;;;0,24;
171022;0000;;;0,17;
171023;0000;;;0,16;
171024;0000;;;0,15;
171025;0000;;;0,14;
171026;0000;;;0,13;
171027;0000;;;0,16;
171028;0000;;;0,14;
171029;0000;;;0,09;
171030;0000;;;0,09;
171031;0000;;;0,12;
171101;0000;;;0,14;
171102;0000;;;0,11;
171103;0000;;;0,13;
171104;0000;;;0,17;
171105;0000;;;0,14;
171106;0000;;;0,1;
171107;0000;;;0,14;
171108;0000;;;0,19;
171109;0000;;;0,18;
171110;0000;;;0,25;
171111;0000;;;0,21;
171112;0000;;;0,21;
171113;0000;;;0,17;
171114;0000;;;0,2;
171115;0000;;;0,16;
171116;0000;;;0,16;
171117;0000;;;0,18;
171118;0000;;;0,2;
171119;0000;;;0,18;
171120;0000;;;0,17;
171121;0000;;;0,22;
171122;0000;;;0,28;
171123;0000;;;0,28;
171124;0000;;;0,27;
171125;0000;;;0,33;
171126;0000;;;0,28;
171127;0000;;;0,26;
171128;0000;;;0,23;
171129;0000;;;0,2;
171130;0000;;;0,24;
171201;0000;;;0,16;
171202;0000;;;0,09;
171203;0000;;;0,09;
171204;0000;;;0,13;
171205;0000;;;0,14;
171206;0000;;;0,21;
171207;0000;;;0,22;
171208;0000;;;0,15;
171209;0000;;;0,16;
171210;0000;;;0,19;
171211;0000;;;0,16;
171212;0000;;;0,2;
171213;0000;;;0,23;
171214;0000;;;0,23;
171215;0000;;;0,24;
171216;0000;;;0,22;
171217;0000;;;0,22;
171218;0000;;;0,21;
171219;0000;;;0,21;
171220;0000;;;0,2;
171221;0000;;;0,2;
171222;0000;;;0,19;
171223;0000;;;0,19;
171224;0000;;;0,21;
171225;0000;;;0,21;
171226;0000;;;0,22;
171227;0000;;;0,23;
171228;0000;;;0,25;
171229;0000;;;0,27;
171230;0000;;;0,29;
171231;0000;;;0,31;
180101;0000;;;0,28;
180102;0000;;;0,26;
180103;0000;;;0,24;
180104;0000;;;0,23;
180105;0000;;;0,19;
180106;0000;;;0,22;
180107;0000;;;0,22;
180108;0000;;;0,25;
180109;0000;;;0,24;
180110;0000;;;0,23;
180111;0000;;;0,21;
180112;0000;;;0,22;
180113;0000;;;0,22;
180114;0000;;;0,22;
180115;0000;;;0,21;
180116;0000;;;0,22;
180117;0000;;;0,24;
180118;0000;;;0,23;
180119;0000;;;0,24;
180120;0000;;;0,25;
180121;0000;;;0,25;
180122;0000;;;0,25;
180123;0000;;;0,22;
180124;0000;;;0,24;
180125;0000;;;0,22;
180126;0000;;;0,2;
180127;0000;;;0,24;
180128;0000;;;0,25;
180129;0000;;;0,21;
180130;0000;;;0,21;
180131;0000;;;0,24;
180201;0000;;;0,25;
180202;0000;;;0,26;
180203;0000;;;0,26;
180204;0000;;;0,31;
180205;0000;;;0,27;
180206;0000;;;0,25;
180207;0000;;;0,24;
180208;0000;;;0,24;
180209;0000;;;0,25;
180210;0000;;;0,28;
180211;0000;;;0,29;
180212;0000;;;0,26;
180213;0000;;;0,28;
180214;0000;;;0,31;
180215;0000;;;0,26;
180216;0000;;;0,26;
180217;0000;;;0,28;
180218;0000;;;0,28;
180219;0000;;;0,26;
180220;0000;;;0,29;
180221;0000;;;0,26;
180222;0000;;;0,23;
180223;0000;;;0,26;
180224;0000;;;0,24;
180225;0000;;;0,25;
180226;0000;;;0,23;
180227;0000;;;0,21;
180228;0000;;;0,2;
180301;0000;;;0,22;
180302;0000;;;0,22;
180303;0000;;;0,22;
180304;0000;;;0,22;
180305;0000;;;0,21;
180306;0000;;;0,24;
180307;0000;;;0,35;
180308;0000;;;0,45;
180309;0000;;;0,47;
180310;0000;;;0,43;
180311;0000;;;0,41;
180312;0000;;;0,38;
180313;0000;;;0,27;
180314;0000;;;0,22;
180315;0000;;;0,23;
180316;0000;;;0,24;
180317;0000;;;0,25;
180318;0000;;;0,2;
180319;0000;;;0,21;
180320;0000;;;0,26;
180321;0000;;;0,27;
180322;0000;;;0,26;
180323;0000;;;0,29;
180324;0000;;;0,26;
180325;0000;;;0,27;
180326;0000;;;0,26;
180327;0000;;;0,3;
180328;0000;;;0,28;
180329;0000;;;0,34;
180330;0000;;;0,31;
180331;0000;;;0,26;
180401;0000;;;0,27;
180402;0000;;;0,26;
180403;0000;;;0,26;
180404;0000;;;0,27;
180405;0000;;;0,39;
180406;0000;;;0,4;
180407;0000;;;0,36;
180408;0000;;;0,38;
180409;0000;;;0,41;
180410;0000;;;0,45;
180411;0000;;;0,27;
180412;0000;;;0,26;
180413;0000;;;0,27;
180414;0000;;;0,26;
180415;0000;;;0,38;
180416;0000;;;0,25;
180417;0000;;;0,19;
180418;0000;;;0,17;
180419;0000;;;0,21;
180420;0000;;;0,24;
180421;0000;;;0,23;
180422;0000;;;0,17;
180423;0000;;;0,2;
180424;0000;;;0,28;
180425;0000;;;0,36;
180426;0000;;;0,32;
180427;0000;;;0,29;
180428;0000;;;0,37;
180429;0000;;;0,32;
180430;0000;;;0,33;
180501;0000;;;0,31;
180502;0000;;;0,28;
180503;0000;;;0,29;
180504;0000;;;0,28;
180505;0000;;;0,31;
180506;0000;;;0,26;
180507;0000;;;0,28;
180508;0000;;;0,27;
180509;0000;;;0,33;
180510;0000;;;0,33;
180511;0000;;;0,36;
180512;0000;;;0,44;
180513;0000;;;0,44;
180514;0000;;;0,35;
180515;0000;;;0,38;
180516;0000;;;0,36;
180517;0000;;;0,36;
180518;0000;;;0,29;
180519;0000;;;0,38;
180520;0000;;;0,39;
180521;0000;;;0,33;
180522;0000;;;0,37;
180523;0000;;;0,41;
180524;0000;;;0,47;
180525;0000;;;0,49;
180526;0000;;;0,37;
180527;0000;;;0,48;
180528;0000;;;0,37;
180529;0000;;;0,35;
180530;0000;;;0,35;
180531;0000;;;0,28;
180601;0000;;;0,44;
180602;0000;;;0,44;
180603;0000;;;0,32;
180604;0000;;;0,46;
180605;0000;;;0,5;
180606;0000;;;0,48;
180607;0000;;;0,47;
180608;0000;;;0,49;
180609;0000;;;;
180610;0000;;;0,44;
180611;0000;;;0,42;
180612;0000;;;0,37;
180613;0000;;;0,43;
180614;0000;;;0,53;
180615;0000;;;0,63;
180616;0000;;;0,59;
180617;0000;;;0,53;
180618;0000;;;0,59;
180619;0000;;;0,51;
180620;0000;;;0,56;
180621;0000;;;0,5;
180622;0000;;;0,41;
180623;0000;;;0,52;
180624;0000;;;0,42;
180625;0000;;;0,41;
180626;0000;;;0,41;
180627;0000;;;0,41;
180628;0000;;;0,33;
180629;0000;;;0,39;
180630;0000;;;0,34;
180701;0000;;;0,36;
180702;0000;;;0,3;
180703;0000;;;0,28;
180704;0000;;;0,23;
180705;0000;;;0,27;
180706;0000;;;0,25;
180707;0000;;;0,31;
180708;0000;;;0,36;
180709;0000;;;0,23;
180710;0000;;;0,28;
180711;0000;;;0,29;
180712;0000;;;0,43;
180713;0000;;;0,34;
180714;0000;;;0,29;
180715;0000;;;0,23;
180716;0000;;;0,32;
180717;0000;;;0,23;
180718;0000;;;0,2;
180719;0000;;;0,22;
180720;0000;;;0,27;
180721;0000;;;0,35;
180722;0000;;;0,22;
180723;0000;;;0,26;
180724;0000;;;0,29;
180725;0000;;;0,32;
180726;0000;;;0,36;
180727;0000;;;0,3;
180728;0000;;;0,27;
180729;0000;;;0,3;
180730;0000;;;0,41;
180731;0000;;;0,36;
180801;0000;;;0,31;
180802;0000;;;0,3;
180803;0000;;;0,26;
180804;0000;;;0,32;
180805;0000;;;0,36;
180806;0000;;;0,31;
180807;0000;;;0,22;
180808;0000;;;0,29;
180809;0000;;;0,46;
180810;0000;;;0,51;
180811;0000;;;0,52;
180812;0000;;;0,46;
180813;0000;;;0,36;
180814;0000;;;0,28;
180815;0000;;;0,32;
180816;0000;;;0,3;
180817;0000;;;0,3;
180818;0000;;;0,19;
180819;0000;;;0,21;
180820;0000;;;0,33;
180821;0000;;;0,39;
180822;0000;;;0,33;
180823;0000;;;0,32;
180824;0000;;;0,27;
180825;0000;;;0,37;
180826;0000;;;0,36;
180827;0000;;;0,32;
180828;0000;;;0,29;
180829;0000;;;0,33;
180830;0000;;;0,31;
180831;0000;;;0,32;
180901;0000;;;0,3;
180902;0000;;;0,3;
180903;0000;;;0,41;
180904;0000;;;0,3;
180905;0000;;;0,24;
180906;0000;;;0,25;
180907;0000;;;0,25;
180908;0000;;;0,31;
180909;0000;;;0,31;
180910;0000;;;0,33;
180911;0000;;;0,25;
180912;0000;;;0,25;
180913;0000;;;0,26;
180914;0000;;;0,27;
180915;0000;;;0,24;
180916;0000;;;0,28;
180917;0000;;;0,32;
180918;0000;;;0,31;
180919;0000;;;0,31;
180920;0000;;;0,3;
180921;0000;;;0,29;
180922;0000;;;0,26;
180923;0000;;;0,22;
180924;0000;;;0,22;
180925;0000;;;0,28;
180926;0000;;;0,26;
180927;0000;;;0,27;
180928;0000;;;0,26;
180929;0000;;;0,26;
180930;0000;;;0,2;
181001;0000;;;0,19;
181002;0000;;;0,19;
181003;0000;;;0,15;
181004;0000;;;0,16;
181005;0000;;;0,15;
181006;0000;;;0,15;
181007;0000;;;0,16;
181008;0000;;;0,14;
181009;0000;;;0,16;
181010;0000;;;0,21;
181011;0000;;;0,19;
181012;0000;;;0,17;
181013;0000;;;0,19;
181014;0000;;;0,22;
181015;0000;;;0,2;
181016;0000;;;0,2;
181017;0000;;;0,24;
181018;0000;;;0,23;
181019;0000;;;0,22;
181020;0000;;;0,19;
181021;0000;;;0,22;
181022;0000;;;0,24;
181023;0000;;;0,24;
181024;0000;;;0,23;
181025;0000;;;0,25;
181026;0000;;;0,3;
181027;0000;;;0,25;
181028;0000;;;0,26;
181029;0000;;;0,25;
181030;0000;;;0,24;
181031;0000;;;0,23;
181101;0000;;;0,24;
181102;0000;;;0,23;
181103;0000;;;0,24;
181104;0000;;;0,24;
181105;0000;;;0,22;
181106;0000;;;0,21;
181107;0000;;;0,23;
181108;0000;;;0,22;
181109;0000;;;0,22;
181110;0000;;;0,23;
181111;0000;;;0,22;
181112;0000;;;0,18;
181113;0000;;;0,11;
181114;0000;;;0,11;
181115;0000;;;0,16;
181116;0000;;;0,13;
181117;0000;;;0,13;
181118;0000;;;0,14;
181119;0000;;;0,15;
181120;0000;;;0,21;
181121;0000;;;0,24;
181122;0000;;;0,24;
181123;0000;;;0,4;
181124;0000;;;0,39;
181125;0000;;;0,44;
181126;0000;;;0,37;
181127;0000;;;0,24;
181128;0000;;;0,22;
181129;0000;;;0,23;
181130;0000;;;0,26;
181201;0000;;;0,27;
181202;0000;;;0,26;
181203;0000;;;0,26;
181204;0000;;;0,27;
181205;0000;;;0,25;
181206;0000;;;0,25;
181207;0000;;;0,21;
181208;0000;;;0,18;
181209;0000;;;0,16;
181210;0000;;;0,18;
181211;0000;;;0,2;
181212;0000;;;0,2;
181213;0000;;;0,17;
181214;0000;;;0,19;
181215;0000;;;0,43;
181216;0000;;;0,26;
181217;0000;;;0,1;
181218;0000;;;;
181219;0000;;;0,28;
181220;0000;;;0,26;
181221;0000;;;0,29;
181222;0000;;;0,28;
181223;0000;;;0,28;
181224;0000;;;0,27;
181225;0000;;;0,27;
181226;0000;;;0,23;
181227;0000;;;0,17;
181228;0000;;;0,17;
181229;0000;;;0,15;
181230;0000;;;0,09;
181231;0000;;;0,14;
190101;0000;;;0,16;
190102;0000;;;;
190103;0000;;;;
190104;0000;;;0,24;
190105;0000;;;0,27;
190106;0000;;;0,31;
190107;0000;;;0,25;
190108;0000;;;0,22;
190109;0000;;;0,13;
190110;0000;;;0,16;
190111;0000;;;0,17;
190112;0000;;;0,19;
190113;0000;;;0,13;
190114;0000;;;0,13;
190115;0000;;;0,2;
190116;0000;;;0,21;
190117;0000;;;0,23;
190118;0000;;;0,22;
190119;0000;;;0,22;
190120;0000;;;0,22;
190121;0000;;;0,21;
190122;0000;;;0,17;
190123;0000;;;0,19;
190124;0000;;;0,19;
190125;0000;;;0,22;
190126;0000;;;0,26;
190127;0000;;;0,21;
190128;0000;;;0,22;
190129;0000;;;0,21;
190130;0000;;;0,22;
190131;0000;;;0,21;
190201;0000;;;0,24;
190202;0000;;;0,25;
190203;0000;;;0,22;
190204;0000;;;0,2;
190205;0000;;;0,23;
190206;0000;;;0,24;
190207;0000;;;0,22;
190208;0000;;;0,23;
190209;0000;;;0,23;
190210;0000;;;0,25;
190211;0000;;;0,22;
190212;0000;;;0,17;
190213;0000;;;0,2;
190214;0000;;;0,27;
190215;0000;;;0,25;
190216;0000;;;0,3;
190217;0000;;;0,26;
190218;0000;;;0,25;
190219;0000;;;0,22;
190220;0000;;;0,23;
190221;0000;;;0,24;
190222;0000;;;0,21;
190223;0000;;;0,2;
190224;0000;;;0,18;
190225;0000;;;0,16;
190226;0000;;;0,19;
190227;0000;;;0,23;
190228;0000;;;0,2;
190301;0000;;;0,21;
190302;0000;;;0,26;
190303;0000;;;0,18;
190304;0000;;;0,47;
190305;0000;;;0,11;
190306;0000;;;0,11;
190307;0000;;;0,13;
190308;0000;;;0,11;
190309;0000;;;0,11;
190310;0000;;;0,12;
190311;0000;;;0,12;
190312;0000;;;0,18;
190313;0000;;;0,21;
190314;0000;;;0,19;
190315;0000;;;0,2;
190316;0000;;;0,21;
190317;0000;;;0,19;
190318;0000;;;0,16;
190319;0000;;;0,14;
190320;0000;;;0,14;
190321;0000;;;0,15;
190322;0000;;;0,14;
190323;0000;;;0,2;
190324;0000;;;0,17;
190325;0000;;;0,1;
190326;0000;;;0,11;
190327;0000;;;0,13;
190328;0000;;;0,17;
190329;0000;;;0,19;
190330;0000;;;0,22;
190331;0000;;;0,19;
190401;0000;;;0,2;
190402;0000;;;0,21;
190403;0000;;;0,21;
190404;0000;;;0,2;
190405;0000;;;0,21;
190406;0000;;;0,23;
190407;0000;;;0,2;
190408;0000;;;0,17;
190409;0000;;;0,17;
190410;0000;;;0,19;
190411;0000;;;0,19;
190412;0000;;;0,2;
190413;0000;;;0,21;
190414;0000;;;0,21;
190415;0000;;;0,2;
190416;0000;;;0,24;
190417;0000;;;0,23;
190418;0000;;;0,22;
190419;0000;;;0,23;
190420;0000;;;0,23;
190421;0000;;;0,24;
190422;0000;;;0,23;
190423;0000;;;0,26;
190424;0000;;;0,29;
190425;0000;;;0,26;
190426;0000;;;0,23;
190427;0000;;;0,22;
190428;0000;;;0,25;
190429;0000;;;0,17;
190430;0000;;;0,23;
190501;0000;;;0,24;
190502;0000;;;0,25;
190503;0000;;;0,15;
190504;0000;;;0,19;
190505;0000;;;0,18;
190506;0000;;;0,17;
190507;0000;;;0,18;
190508;0000;;;0,21;
190509;0000;;;0,2;
190510;0000;;;0,2;
190511;0000;;;0,37;
190512;0000;;;0,26;
190513;0000;;;0,25;
190514;0000;;;0,27;
190515;0000;;;0,27;
190516;0000;;;0,19;
190517;0000;;;0,19;
190518;0000;;;0,2;
190519;0000;;;0,23;
190520;0000;;;0,28;
190521;0000;;;0,26;
190522;0000;;;0,38;
190523;0000;;;0,37;
190524;0000;;;0,45;
190525;0000;;;0,36;
190526;0000;;;0,28;
190527;0000;;;0,26;
190528;0000;;;0,28;
190529;0000;;;0,23;
190530;0000;;;0,22;
190531;0000;;;0,22;
190601;0000;;;0,26;
190602;0000;;;0,37;
190603;0000;;;0,35;
190604;0000;;;0,3;
190605;0000;;;0,3;
190606;0000;;;0,22;
190607;0000;;;0,2;
190608;0000;;;0,31;
190609;0000;;;0,32;
190610;0000;;;0,4;
190611;0000;;;0,24;
190612;0000;;;0,24;
190613;0000;;;0,37;
190614;0000;;;0,39;
190615;0000;;;0,33;
190616;0000;;;0,39;
190617;0000;;;0,31;
190618;0000;;;0,27;
190619;0000;;;0,35;
190620;0000;;;0,32;
190621;0000;;;0,29;
190622;0000;;;0,4;
190623;0000;;;0,34;
190624;0000;;;0,25;
190625;0000;;;0,22;
190626;0000;;;0,3;
190627;0000;;;0,28;
190628;0000;;;0,2;
190629;0000;;;0,22;
190630;0000;;;0,29;
190701;0000;;;0,36;
190702;0000;;;0,33;
190703;0000;;;0,32;
190704;0000;;;0,32;
190705;0000;;;0,41;
190706;0000;;;0,25;
190707;0000;;;0,29;
190708;0000;;;0,31;
190709;0000;;;0,32;
190710;0000;;;0,32;
190711;0000;;;0,35;
190712;0000;;;0,3;
190713;0000;;;0,37;
190714;0000;;;0,37;
190715;0000;;;0,33;
190716;0000;;;0,31;
190717;0000;;;0,29;
190718;0000;;;0,3;
190719;0000;;;0,32;
190720;0000;;;0,34;
190721;0000;;;0,24;
190722;0000;;;0,21;
190723;0000;;;0,3;
190724;0000;;;0,37;
190725;0000;;;0,33;
190726;0000;;;0,35;
190727;0000;;;0,4;
190728;0000;;;0,38;
190729;0000;;;0,37;
190730;0000;;;0,33;
190731;0000;;;0,21;
190801;0000;;;0,19;
190802;0000;;;0,27;
190803;0000;;;0,37;
190804;0000;;;0,39;
190805;0000;;;0,27;
190806;0000;;;0,24;
190807;0000;;;0,22;
190808;0000;;;0,33;
190809;0000;;;0,28;
190810;0000;;;0,28;
190811;0000;;;0,23;
190812;0000;;;0,23;
190813;0000;;;0,3;
190814;0000;;;0,22;
190815;0000;;;0,24;
190816;0000;;;0,23;
190817;0000;;;0,28;
190818;0000;;;0,33;
190819;0000;;;0,32;
190820;0000;;;0,51;
190821;0000;;;0,51;
190822;0000;;;0,57;
190823;0000;;;0,46;
190824;0000;;;0,46;
190825;0000;;;0,42;
190826;0000;;;0,4;
190827;0000;;;0,38;
190828;0000;;;0,36;
190829;0000;;;0,31;
190830;0000;;;0,35;
190831;0000;;;0,2;
190901;0000;;;0,21;
190902;0000;;;0,21;
190903;0000;;;0,26;
190904;0000;;;0,17;
190905;0000;;;0,16;
190906;0000;;;0,17;
190907;0000;;;0,15;
190908;0000;;;0,15;
190909;0000;;;0,15;
190910;0000;;;0,2;
190911;0000;;;0,18;
190912;0000;;;0,25;
190913;0000;;;0,21;
190914;0000;;;0,19;
190915;0000;;;0,18;
190916;0000;;;0,16;
190917;0000;;;0,21;
190918;0000;;;0,22;
190919;0000;;;0,24;
190920;0000;;;0,19;
190921;0000;;;0,23;
190922;0000;;;0,2;
190923;0000;;;0,17;
190924;0000;;;0,19;
190925;0000;;;0,22;
190926;0000;;;0,2;
190927;0000;;;0,17;
190928;0000;;;0,21;
190929;0000;;;0,18;
190930;0000;;;0,15;
191001;0000;;;0,13;
191002;0000;;;0,13;
191003;0000;;;0,14;
191004;0000;;;0,15;
191005;0000;;;0,18;
191006;0000;;;0,17;
191007;0000;;;0,17;
191008;0000;;;0,22;
191009;0000;;;0,17;
191010;0000;;;0,16;
191011;0000;;;0,16;
191012;0000;;;0,18;
191013;0000;;;0,2;
191014;0000;;;0,13;
191015;0000;;;0,15;
191016;0000;;;0,17;
191017;0000;;;0,15;
191018;0000;;;0,19;
191019;0000;;;0,19;
191020;0000;;;0,16;
191021;0000;;;0,17;
191022;0000;;;0,2;
191023;0000;;;0,18;
191024;0000;;;0,18;
191025;0000;;;0,19;
191026;0000;;;0,21;
191027;0000;;;0,19;
191028;0000;;;0,2;
191029;0000;;;0,22;
191030;0000;;;0,19;
191031;0000;;;0,22;
191101;0000;;;0,22;
191102;0000;;;0,22;
191103;0000;;;0,22;
191104;0000;;;0,28;
191105;0000;;;0,39;
191106;0000;;;0,18;
191107;0000;;;0,19;
191108;0000;;;0,18;
191109;0000;;;0,18;
191110;0000;;;0,2;
191111;0000;;;0,15;
191112;0000;;;0,18;
191113;0000;;;0,19;
191114;0000;;;0,16;
191115;0000;;;0,16;
191116;0000;;;0,13;
191117;0000;;;0,24;
191118;0000;;;0,18;
191119;0000;;;0,18;
191120;0000;;;0,22;
191121;0000;;;0,2;
191122;0000;;;0,2;
191123;0000;;;0,2;
191124;0000;;;;
191125;0000;;;0,22;
191126;0000;;;0,22;
191127;0000;;;0,22;
191128;0000;;;0,25;
191129;0000;;;0,22;
191130;0000;;;0,23;
191201;0000;;;0,22;
191202;0000;;;0,2;
191203;0000;;;0,13;
191204;0000;;;0,23;
191205;0000;;;0,31;
191206;0000;;;0,23;
191207;0000;;;0,2;
191208;0000;;;0,19;
191209;0000;;;0,18;
191210;0000;;;0,2;
191211;0000;;;0,2;
191212;0000;;;0,17;
191213;0000;;;0,18;
191214;0000;;;0,12;
191215;0000;;;0,17;
191216;0000;;;0,19;
191217;0000;;;0,24;
191218;0000;;;0,31;
191219;0000;;;0,32;
191220;0000;;;0,31;
191221;0000;;;0,29;
191222;0000;;;0,18;
191223;0000;;;0,34;
191224;0000;;;0,23;
191225;0000;;;0,17;
191226;0000;;;0,23;
191227;0000;;;0,25;
191228;0000;;;0,26;
191229;0000;;;0,24;
191230;0000;;;0,22;
191231;0000;;;0,23;
200101;0000;;;0,25;
200102;0000;;;0,29;
200103;0000;;;0,28;
200104;0000;;;0,28;
200105;0000;;;0,25;
200106;0000;;;0,22;
200107;0000;;;0,28;
200108;0000;;;0,22;
200109;0000;;;0,22;
200110;0000;;;0,24;
200111;0000;;;0,24;
200112;0000;;;0,23;
200113;0000;;;0,2;
200114;0000;;;0,2;
200115;0000;;;0,18;
200116;0000;;;0,19;
200117;0000;;;0,23;
200118;0000;;;0,21;
200119;0000;;;0,19;
200120;0000;;;0,2;
200121;0000;;;0,2;
200122;0000;;;0,2;
200123;0000;;;0,22;
200124;0000;;;0,22;
200125;0000;;;0,21;
200126;0000;;;0,22;
200127;0000;;;0,23;
200128;0000;;;0,24;
200129;0000;;;0,23;
200130;0000;;;0,25;
200131;0000;;;0,25;
200201;0000;;;0,29;
200202;0000;;;0,29;
200203;0000;;;0,24;
200204;0000;;;0,19;
200205;0000;;;0,11;
200206;0000;;;0,11;
200207;0000;;;0,15;
200208;0000;;;0,18;
200209;0000;;;0,17;
200210;0000;;;0,14;
200211;0000;;;0,15;
200212;0000;;;0,15;
200213;0000;;;0,24;
200214;0000;;;0,32;
200215;0000;;;0,29;
200216;0000;;;0,25;
200217;0000;;;0,23;
200218;0000;;;0,19;
200219;0000;;;0,12;
200220;0000;;;0,13;
200221;0000;;;0,14;
200222;0000;;;0,13;
200223;0000;;;0,13;
200224;0000;;;0,13;
200225;0000;;;0,15;
200226;0000;;;0,14;
200227;0000;;;0,11;
200228;0000;;;0,1;
200229;0000;;;0,13;
200301;0000;;;0,11;
200302;0000;;;0,1;
200303;0000;;;0,11;
200304;0000;;;0,11;
200305;0000;;;0,17;
200306;0000;;;0,3;
200307;0000;;;0,33;
200308;0000;;;0,28;
200309;0000;;;0,27;
200310;0000;;;0,22;
200311;0000;;;0,2;
200312;0000;;;0,15;
200313;0000;;;0,15;
200314;0000;;;0,14;
200315;0000;;;0,15;
200316;0000;;;0,11;
200317;0000;;;0,13;
200318;0000;;;0,16;
200319;0000;;;0,14;
200320;0000;;;0,13;
200321;0000;;;0,13;
200322;0000;;;0,15;
200323;0000;;;0,14;
200324;0000;;;0,14;
200325;0000;;;0,14;
200326;0000;;;0,12;
200327;0000;;;0,13;
200328;0000;;;0,12;
200329;0000;;;0,16;
200330;0000;;;0,13;
200331;0000;;;0,15;
200401;0000;;;0,21;
200402;0000;;;0,26;
200403;0000;;;0,23;
200404;0000;;;0,2;
200405;0000;;;0,17;
200406;0000;;;0,21;
200407;0000;;;0,28;
200408;0000;;;0,34;
200409;0000;;;0,3;
200410;0000;;;0,31;
200411;0000;;;0,31;
200412;0000;;;0,26;
200413;0000;;;0,27;
200414;0000;;;0,31;
200415;0000;;;0,32;
200416;0000;;;0,23;
200417;0000;;;0,17;
200418;0000;;;0,15;
200419;0000;;;0,13;
200420;0000;;;0,15;
200421;0000;;;0,16;
200422;0000;;;0,12;
200423;0000;;;0,11;
200424;0000;;;0,13;
200425;0000;;;0,17;
200426;0000;;;0,38;
200427;0000;;;0,16;
200428;0000;;;0,14;
200429;0000;;;0,22;
200430;0000;;;0,22;
200501;0000;;;0,27;
200502;0000;;;0,14;
200503;0000;;;0,17;
200504;0000;;;0,14;
200505;0000;;;0,16;
200506;0000;;;0,2;
200507;0000;;;0,21;
200508;0000;;;0,11;
200509;0000;;;0,12;
200510;0000;;;0,09;
200511;0000;;;0,14;
200512;0000;;;0,24;
200513;0000;;;0,24;
200514;0000;;;0,21;
200515;0000;;;0,17;
200516;0000;;;0,13;
200517;0000;;;0,16;
200518;0000;;;0,12;
200519;0000;;;0,15;
200520;0000;;;0,19;
200521;0000;;;0,23;
200522;0000;;;0,23;
200523;0000;;;0,33;
200524;0000;;;0,32;
200525;0000;;;0,22;
200526;0000;;;0,2;
200527;0000;;;0,29;
200528;0000;;;0,24;
200529;0000;;;0,32;
200530;0000;;;0,34;
200531;0000;;;0,3;
200601;0000;;;0,3;
200602;0000;;;0,32;
200603;0000;;;0,2;
200604;0000;;;0,3;
200605;0000;;;0,3;
200606;0000;;;0,37;
200607;0000;;;0,3;
200608;0000;;;0,3;
200609;0000;;;0,29;
200610;0000;;;0,27;
200611;0000;;;0,38;
200612;0000;;;0,17;
200613;0000;;;0,32;
200614;0000;;;0,3;
200615;0000;;;0,15;
200616;0000;;;0,2;
200617;0000;;;0,18;
200618;0000;;;0,3;
200619;0000;;;0,2;
200620;0000;;;0,23;
200621;0000;;;0,24;
200622;0000;;;0,25;
200623;0000;;;0,21;
200624;0000;;;0,17;
200625;0000;;;0,28;
200626;0000;;;0,33;
200627;0000;;;0,4;
200628;0000;;;0,26;
200629;0000;;;0,19;
200630;0000;;;0,25;
200701;0000;;;0,32;
200702;0000;;;0,29;
200703;0000;;;0,29;
200704;0000;;;0,22;
200705;0000;;;0,19;
200706;0000;;;0,23;
200707;0000;;;0,24;
200708;0000;;;0,21;
200709;0000;;;0,24;
200710;0000;;;0,27;
200711;0000;;;0,27;
200712;0000;;;0,32;
200713;0000;;;0,34;
200714;0000;;;0,36;
200715;0000;;;0,19;
200716;0000;;;0,2;
200717;0000;;;0,2;
200718;0000;;;0,19;
200719;0000;;;0,19;
200720;0000;;;0,24;
200721;0000;;;0,2;
200722;0000;;;0,25;
200723;0000;;;0,29;
200724;0000;;;0,3;
200725;0000;;;0,27;
200726;0000;;;0,29;
200727;0000;;;0,23;
200728;0000;;;0,33;
200729;0000;;;0,31;
200730;0000;;;0,26;
200731;0000;;;0,33;
200801;0000;;;0,29;
200802;0000;;;0,31;
200803;0000;;;0,27;
200804;0000;;;0,31;
200805;0000;;;0,24;
200806;0000;;;0,23;
200807;0000;;;0,31;
200808;0000;;;0,37;
200809;0000;;;0,23;
200810;0000;;;0,21;
200811;0000;;;0,22;
200812;0000;;;0,27;
200813;0000;;;0,3;
200814;0000;;;0,25;
200815;0000;;;0,28;
200816;0000;;;0,32;
200817;0000;;;0,32;
200818;0000;;;0,29;
200819;0000;;;0,29;
200820;0000;;;0,38;
200821;0000;;;0,38;
200822;0000;;;0,35;
200823;0000;;;0,25;
200824;0000;;;0,22;
200825;0000;;;0,25;
200826;0000;;;0,3;
200827;0000;;;0,29;
200828;0000;;;0,3;
200829;0000;;;0,24;
200830;0000;;;0,29;
200831;0000;;;0,26;
200901;0000;;;0,24;
200902;0000;;;0,25;
200903;0000;;;0,29;
200904;0000;;;0,26;
200905;0000;;;0,24;
200906;0000;;;0,3;
200907;0000;;;0,25;
200908;0000;;;0,25;
200909;0000;;;0,25;
200910;0000;;;0,21;
200911;0000;;;0,2;
200912;0000;;;0,2;
200913;0000;;;0,22;
200914;0000;;;0,23;
200915;0000;;;0,23;
200916;0000;;;0,22;
200917;0000;;;0,24;
200918;0000;;;0,24;
200919;0000;;;0,26;
200920;0000;;;0,23;
200921;0000;;;0,24;
200922;0000;;;0,3;
200923;0000;;;0,3;
200924;0000;;;0,26;
200925;0000;;;0,22;
200926;0000;;;0,21;
200927;0000;;;0,28;
200928;0000;;;0,3;
200929;0000;;;0,23;
200930;0000;;;0,21;
201001;0000;;;0,22;
201002;0000;;;0,3;
201003;0000;;;0,25;
201004;0000;;;0,21;
201005;0000;;;0,27;
201006;0000;;;0,23;
201007;0000;;;0,25;
201008;0000;;;0,26;
201009;0000;;;0,28;
201010;0000;;;0,26;
201011;0000;;;0,29;
201012;0000;;;0,3;
201013;0000;;;0,29;
201014;0000;;;0,24;
201015;0000;;;0,23;
201016;0000;;;0,22;
201017;0000;;;0,24;
201018;0000;;;0,22;
201019;0000;;;0,22;
201020;0000;;;0,21;
201021;0000;;;0,2;
201022;0000;;;0,22;
201023;0000;;;0,26;
201024;0000;;;0,21;
201025;0000;;;0,2;
201026;0000;;;0,23;
201027;0000;;;0,2;
201028;0000;;;0,18;
201029;0000;;;0,24;
201030;0000;;;0,22;
201031;0000;;;0,26;
201101;0000;;;0,22;
201102;0000;;;0,22;
201103;0000;;;0,29;
201104;0000;;;0,3;
201105;0000;;;0,24;
201106;0000;;;0,23;
201107;0000;;;0,23;
201108;0000;;;0,2;
201109;0000;;;0,2;
201110;0000;;;0,27;
201111;0000;;;0,22;
201112;0000;;;0,3;
201113;0000;;;0,25;
201114;0000;;;0,36;
201115;0000;;;0,25;
201116;0000;;;0,25;
201117;0000;;;0,22;
201118;0000;;;0,23;
201119;0000;;;0,22;
201120;0000;;;0,23;
201121;0000;;;0,22;
201122;0000;;;0,28;
201123;0000;;;0,21;
201124;0000;;;0,19;
201125;0000;;;0,16;
201126;0000;;;0,19;
201127;0000;;;0,19;
201128;0000;;;0,22;
201129;0000;;;0,24;
201130;0000;;;0,22;
201201;0000;;;0,21;
201202;0000;;;0,19;
201203;0000;;;0,2;
201204;0000;;;0,21;
201205;0000;;;0,23;
201206;0000;;;0,24;
201207;0000;;;0,28;
201208;0000;;;0,27;
201209;0000;;;0,26;
201210;0000;;;0,23;
201211;0000;;;0,2;
201212;0000;;;0,22;
201213;0000;;;0,22;
201214;0000;;;0,22;
201215;0000;;;0,21;
201216;0000;;;0,2;
201217;0000;;;0,21;
201218;0000;;;0,21;
201219;0000;;;0,16;
201220;0000;;;0,18;
201221;0000;;;0,19;
201222;0000;;;0,19;
201223;0000;;;0,19;
201224;0000;;;0,21;
201225;0000;;;0,2;
201226;0000;;;0,2;
201227;0000;;;0,2;
201228;0000;;;0,2;
201229;0000;;;0,19;
201230;0000;;;0,2;
201231;0000;;;0,26;
210101;0000;;;0,2;
210102;0000;;;0,2;
210103;0000;;;0,21;
210104;0000;;;0,21;
210105;0000;;;0,19;
210106;0000;;;0,24;
210107;0000;;;0,25;
210108;0000;;;0,21;
210109;0000;;;0,24;
210110;0000;;;0,23;
210111;0000;;;0,22;
210112;0000;;;0,24;
210113;0000;;;0,27;
210114;0000;;;0,25;
210115;0000;;;0,28;
210116;0000;;;0,29;
210117;0000;;;0,3;
210118;0000;;;0,22;
210119;0000;;;0,19;
210120;0000;;;0,21;
210121;0000;;;0,2;
210122;0000;;;0,19;
210123;0000;;;0,19;
210124;0000;;;0,19;
210125;0000;;;0,19;
210126;0000;;;0,2;
210127;0000;;;0,21;
210128;0000;;;0,22;
210129;0000;;;0,25;
210130;0000;;;0,25;
210131;0000;;;0,23;
210201;0000;;;0,23;
210202;0000;;;0,2;
210203;0000;;;0,16;
210204;0000;;;0,16;
210205;0000;;;0,17;
210206;0000;;;0,18;
210207;0000;;;0,18;
210208;0000;;;0,22;
210209;0000;;;0,19;
210210;0000;;;0,18;
210211;0000;;;0,18;
210212;0000;;;0,19;
210213;0000;;;0,19;
210214;0000;;;0,16;
210215;0000;;;0,16;
210216;0000;;;0,16;
210217;0000;;;0,18;
210218;0000;;;0,15;
210219;0000;;;0,17;
210220;0000;;;0,19;
210221;0000;;;0,16;
210222;0000;;;0,14;
210223;0000;;;0,14;
210224;0000;;;0,14;
210225;0000;;;0,14;
210226;0000;;;0,15;
210227;0000;;;0,15;
210228;0000;;;0,14;
210301;0000;;;0,15;
210302;0000;;;0,16;
210303;0000;;;0,14;
210304;0000;;;0,12;
210305;0000;;;0,14;
210306;0000;;;0,14;
210307;0000;;;0,15;
210308;0000;;;0,17;
210309;0000;;;0,14;
210310;0000;;;0,13;
210311;0000;;;0,18;
210312;0000;;;0,13;
210313;0000;;;0,14;
210314;0000;;;0,14;
210315;0000;;;0,15;
210316;0000;;;0,14;
210317;0000;;;0,16;
210318;0000;;;0,17;
210319;0000;;;0,17;
210320;0000;;;0,16;
210321;0000;;;0,18;
210322;0000;;;0,16;
210323;0000;;;0,19;
210324;0000;;;0,19;
210325;0000;;;0,12;
210326;0000;;;0,17;
210327;0000;;;0,22;
210328;0000;;;0,18;
210329;0000;;;0,17;
210330;0000;;;0,15;
210331;0000;;;0,2;
210401;0000;;;0,25;
210402;0000;;;0,23;
210403;0000;;;0,24;
210404;0000;;;0,22;
210405;0000;;;0,2;
210406;0000;;;0,2;
210407;0000;;;0,2;
210408;0000;;;0,17;
210409;0000;;;0,17;
210410;0000;;;0,15;
210411;0000;;;0,18;
210412;0000;;;0,37;
210413;0000;;;0,25;
210414;0000;;;0,21;
210415;0000;;;0,22;
210416;0000;;;0,21;
210417;0000;;;0,21;
210418;0000;;;0,2;
210419;0000;;;0,2;
210420;0000;;;0,17;
210421;0000;;;0,21;
210422;0000;;;0,25;
210423;0000;;;0,27;
210424;0000;;;0,3;
210425;0000;;;0,34;
210426;0000;;;0,38;
210427;0000;;;0,33;
210428;0000;;;0,31;
210429;0000;;;0,31;
210430;0000;;;0,26;
210501;0000;;;0,46;
210502;0000;;;0,3;
210503;0000;;;0,36;
210504;0000;;;0,22;
210505;0000;;;0,34;
210506;0000;;;0,33;
210507;0000;;;0,26;
210508;0000;;;0,28;
210509;0000;;;0,24;
210510;0000;;;0,27;
210511;0000;;;0,35;
210512;0000;;;0,37;
210513;0000;;;0,38;
210514;0000;;;0,36;
210515;0000;;;0,45;
210516;0000;;;0,56;
210517;0000;;;0,4;
210518;0000;;;0,29;
210519;0000;;;0,27;
210520;0000;;;0,35;
210521;0000;;;0,2;
210522;0000;;;0,23;
210523;0000;;;0,32;
210524;0000;;;0,33;
210525;0000;;;0,34;
210526;0000;;;0,41;
210527;0000;;;0,32;
210528;0000;;;0,3;
210529;0000;;;0,33;
210530;0000;;;0,39;
210531;0000;;;0,32;
210601;0000;;;0,27;
210602;0000;;;0,3;
210603;0000;;;0,26;
210604;0000;;;0,3;
210605;0000;;;0,37;
210606;0000;;;0,35;
210607;0000;;;0,4;
210608;0000;;;0,35;
210609;0000;;;0,32;
210610;0000;;;0,31;
210611;0000;;;0,39;
210612;0000;;;0,5;
210613;0000;;;0,34;
210614;0000;;;0,4;
210615;0000;;;0,26;
210616;0000;;;0,25;
210617;0000;;;0,27;
210618;0000;;;0,27;
210619;0000;;;0,3;
210620;0000;;;0,29;
210621;0000;;;0,28;
210622;0000;;;0,26;
210623;0000;;;0,18;
210624;0000;;;0,24;
210625;0000;;;0,26;
210626;0000;;;0,17;
210627;0000;;;0,35;
210628;0000;;;0,49;
210629;0000;;;0,52;
210630;0000;;;0,34;
210701;0000;;;0,34;
210702;0000;;;0,37;
210703;0000;;;0,51;
210704;0000;;;0,5;
210705;0000;;;0,36;
210706;0000;;;0,32;
210707;0000;;;0,38;
210708;0000;;;0,56;
210709;0000;;;0,32;
210710;0000;;;0,42;
210711;0000;;;0,45;
210712;0000;;;0,33;
210713;0000;;;0,4;
210714;0000;;;0,43;
210715;0000;;;0,46;
210716;0000;;;0,41;
210717;0000;;;0,44;
210718;0000;;;0,52;
210719;0000;;;0,5;
210720;0000;;;0,49;
210721;0000;;;0,39;
210722;0000;;;0,42;
210723;0000;;;0,4;
210724;0000;;;0,35;
210725;0000;;;0,34;
210726;0000;;;0,32;
210727;0000;;;0,35;
210728;0000;;;0,48;
210729;0000;;;0,43;
210730;0000;;;0,4;
210731;0000;;;0,49;
210801;0000;;;0,58;
210802;0000;;;0,48;
210803;0000;;;0,42;
210804;0000;;;0,33;
210805;0000;;;0,3;
210806;0000;;;0,33;
210807;0000;;;0,35;
210808;0000;;;0,37;
210809;0000;;;0,4;
210810;0000;;;0,34;
210811;0000;;;0,29;
210812;0000;;;0,27;
210813;0000;;;0,33;
210814;0000;;;0,41;
210815;0000;;;0,3;
210816;0000;;;0,19;
210817;0000;;;0,23;
210818;0000;;;0,22;
210819;0000;;;0,29;
210820;0000;;;0,27;
210821;0000;;;0,32;
210822;0000;;;0,27;
210823;0000;;;0,33;
210824;0000;;;0,3;
210825;0000;;;0,24;
210826;0000;;;0,22;
210827;0000;;;0,31;
210828;0000;;;0,28;
210829;0000;;;0,31;
210830;0000;;;0,25;
210831;0000;;;0,27;
210901;0000;;;0,28;
210902;0000;;;0,25;
210903;0000;;;0,24;
210904;0000;;;0,28;
210905;0000;;;0,3;
210906;0000;;;0,23;
210907;0000;;;0,25;
210908;0000;;;0,23;
210909;0000;;;0,26;
210910;0000;;;0,23;
210911;0000;;;0,17;
210912;0000;;;0,21;
210913;0000;;;0,27;
210914;0000;;;0,22;
210915;0000;;;0,27;
210916;0000;;;0,24;
210917;0000;;;0,23;
210918;0000;;;0,27;
210919;0000;;;0,24;
210920;0000;;;0,21;
210921;0000;;;0,22;
210922;0000;;;0,24;
210923;0000;;;0,26;
210924;0000;;;0,26;
210925;0000;;;0,22;
210926;0000;;;0,27;
210927;0000;;;0,31;
210928;0000;;;0,28;
210929;0000;;;0,24;
210930;0000;;;0,27;
211001;0000;;;0,26;
211002;0000;;;0,2;
211003;0000;;;0,24;
211004;0000;;;0,25;
211005;0000;;;0,26;
211006;0000;;;0,27;
211007;0000;;;0,21;
211008;0000;;;0,23;
211009;0000;;;0,36;
211010;0000;;;0,25;
211011;0000;;;0,29;
211012;0000;;;0,21;
211013;0000;;;0,2;
211014;0000;;;0,2;
211015;0000;;;0,21;
211016;0000;;;0,3;
211017;0000;;;0,28;
211018;0000;;;0,26;
211019;0000;;;0,27;
211020;0000;;;0,27;
211021;0000;;;0,26;
211022;0000;;;0,25;
211023;0000;;;0,23;
211024;0000;;;0,28;
211025;0000;;;0,26;
211026;0000;;;0,22;
211027;0000;;;0,18;
211028;0000;;;0,21;
211029;0000;;;0,21;
211030;0000;;;0,23;
211031;0000;;;0,18;
211101;0000;;;0,23;
211102;0000;;;0,2;
211103;0000;;;0,18;
211104;0000;;;0,17;
211105;0000;;;0,23;
211106;0000;;;0,21;
211107;0000;;;0,23;
211108;0000;;;0,22;
211109;0000;;;0,2;
211110;0000;;;0,19;
211111;0000;;;0,21;
211112;0000;;;0,21;
211113;0000;;;0,17;
211114;0000;;;0,19;
211115;0000;;;0,19;
211116;0000;;;0,24;
211117;0000;;;0,19;
211118;0000;;;0,19;
211119;0000;;;0,19;
211120;0000;;;0,19;
211121;0000;;;0,21;
211122;0000;;;0,23;
211123;0000;;;0,22;
211124;0000;;;0,21;
211125;0000;;;0,26;
211126;0000;;;0,2;
211127;0000;;;0,18;
211128;0000;;;0,2;
211129;0000;;;0,2;
211130;0000;;;0,2;
211201;0000;;;0,21;
211202;0000;;;0,25;
211203;0000;;;0,2;
211204;0000;;;0,24;
211205;0000;;;0,22;
211206;0000;;;0,21;
211207;0000;;;0,19;
211208;0000;;;0,18;
211209;0000;;;0,18;
211210;0000;;;0,19;
211211;0000;;;0,18;
211212;0000;;;0,15;
211213;0000;;;0,18;
211214;0000;;;0,18;
211215;0000;;;0,19;
211216;0000;;;0,16;
211217;0000;;;0,17;
211218;0000;;;0,2;
211219;0000;;;0,2;
211220;0000;;;0,19;
211221;0000;;;0,19;
211222;0000;;;0,18;
211223;0000;;;0,19;
211224;0000;;;0,24;
211225;0000;;;0,23;
211226;0000;;;0,26;
211227;0000;;;0,26;
211228;0000;;;0,22;
211229;0000;;;0,18;
211230;0000;;;0,21;
211231;0000;;;0,18;
220101;0000;;;0,21;
220102;0000;;;0,2;
220103;0000;;;0,19;
220104;0000;;;0,18;
220105;0000;;;0,18;
220106;0000;;;0,18;
220107;0000;;;0,21;
220108;0000;;;0,21;
220109;0000;;;0,23;
220110;0000;;;0,24;
220111;0000;;;0,18;
220112;0000;;;0,08;
220113;0000;;;0,08;
220114;0000;;;0,09;
220115;0000;;;0,09;
220116;0000;;;0,06;
220117;0000;;;0,06;
220118;0000;;;0,08;
220119;0000;;;0,14;
220120;0000;;;0,13;
220121;0000;;;0,17;
220122;0000;;;0,16;
220123;0000;;;0,16;
220124;0000;;;0,14;
220125;0000;;;0,15;
220126;0000;;;0,15;
220127;0000;;;0,16;
220128;0000;;;0,16;
220129;0000;;;0,22;
220130;0000;;;0,2;
220131;0000;;;0,15;
220201;0000;;;0,15;
220202;0000;;;0,21;
220203;0000;;;0,24;
220204;0000;;;0,25;
220205;0000;;;0,25;
220206;0000;;;0,22;
220207;0000;;;0,2;
220208;0000;;;0,22;
220209;0000;;;0,23;
220210;0000;;;0,22;
220211;0000;;;0,31;
220212;0000;;;0,36;
220213;0000;;;0,3;
220214;0000;;;0,29;
220215;0000;;;0,25;
220216;0000;;;0,22;
220217;0000;;;0,23;
220218;0000;;;0,23;
220219;0000;;;0,21;
220220;0000;;;0,2;
220221;0000;;;0,19;
220222;0000;;;0,24;
220223;0000;;;0,22;
220224;0000;;;0,24;
220225;0000;;;0,25;
220226;0000;;;0,22;
220227;0000;;;0,17;
220228;0000;;;0,17;
220301;0000;;;0,18;
220302;0000;;;0,17;
220303;0000;;;0,16;
220304;0000;;;0,16;
220305;0000;;;0,16;
220306;0000;;;0,15;
220307;0000;;;0,16;
220308;0000;;;0,16;
220309;0000;;;0,15;
220310;0000;;;0,17;
220311;0000;;;0,18;
220312;0000;;;0,2;
220313;0000;;;0,23;
220314;0000;;;0,23;
220315;0000;;;0,23;
220316;0000;;;0,24;
220317;0000;;;0,26;
220318;0000;;;0,25;
220319;0000;;;0,37;
220320;0000;;;0,26;
220321;0000;;;0,19;
220322;0000;;;0,17;
220323;0000;;;0,14;
220324;0000;;;0,18;
220325;0000;;;0,19;
220326;0000;;;0,19;
220327;0000;;;0,2;
220328;0000;;;0,18;
220329;0000;;;0,19;
220330;0000;;;0,17;
220331;0000;;;0,23;
220401;0000;;;0,25;
220402;0000;;;0,25;
220403;0000;;;0,21;
220404;0000;;;0,22;
220405;0000;;;0,24;
220406;0000;;;0,2;
220407;0000;;;0,21;
220408;0000;;;0,23;
220409;0000;;;0,21;
220410;0000;;;0,21;
220411;0000;;;0,19;
220412;0000;;;0,21;
220413;0000;;;0,2;
220414;0000;;;0,19;
220415;0000;;;0,23;
220416;0000;;;0,37;
220417;0000;;;0,28;
220418;0000;;;;
220419;0000;;;0,27;
220420;0000;;;0,27;
220421;0000;;;0,23;
220422;0000;;;0,25;
220423;0000;;;0,22;
220424;0000;;;0,19;
220425;0000;;;0,18;
220426;0000;;;0,16;
220427;0000;;;0,18;
220428;0000;;;0,2;
220429;0000;;;0,31;
220430;0000;;;0,26;
220501;0000;;;0,25;
220502;0000;;;0,3;
220503;0000;;;0,33;
220504;0000;;;0,28;
220505;0000;;;0,23;
220506;0000;;;0,34;
220507;0000;;;0,3;
220508;0000;;;0,29;
220509;0000;;;0,28;
220510;0000;;;0,25;
220511;0000;;;0,28;
220512;0000;;;0,32;
220513;0000;;;0,33;
220514;0000;;;0,28;
220515;0000;;;0,29;
220516;0000;;;0,25;
220517;0000;;;0,25;
220518;0000;;;0,21;
220519;0000;;;0,14;
220520;0000;;;0,13;
220521;0000;;;0,19;
220522;0000;;;0,17;
220523;0000;;;0,23;
220524;0000;;;0,26;
220525;0000;;;0,23;
220526;0000;;;0,24;
220527;0000;;;0,29;
220528;0000;;;0,44;
220529;0000;;;0,42;
220530;0000;;;0,27;
220531;0000;;;0,26;
220601;0000;;;0,28;
220602;0000;;;0,23;
220603;0000;;;0,2;
220604;0000;;;0,17;
220605;0000;;;0,14;
220606;0000;;;0,3;
220607;0000;;;0,28;
220608;0000;;;0,32;
220609;0000;;;0,32;
220610;0000;;;0,46;
220611;0000;;;0,37;
220612;0000;;;0,29;
220613;0000;;;0,29;
220614;0000;;;0,24;
220615;0000;;;0,28;
220616;0000;;;0,28;
220617;0000;;;0,29;
220618;0000;;;0,35;
220619;0000;;;0,41;
220620;0000;;;0,38;
220621;0000;;;0,24;
220622;0000;;;0,2;
220623;0000;;;0,17;
220624;0000;;;0,29;
220625;0000;;;0,43;
220626;0000;;;0,29;
220627;0000;;;0,24;
220628;0000;;;0,28;
220629;0000;;;0,25;
220630;0000;;;0,25;
220701;0000;;;0,19;
220702;0000;;;0,21;
220703;0000;;;0,42;
220704;0000;;;0,3;
220705;0000;;;0,28;
220706;0000;;;0,41;
220707;0000;;;0,29;
220708;0000;;;0,23;
220709;0000;;;0,14;
220710;0000;;;0,16;
220711;0000;;;0,22;
220712;0000;;;0,23;
220713;0000;;;0,23;
220714;0000;;;0,15;
220715;0000;;;0,17;
220716;0000;;;0,27;
220717;0000;;;0,26;
220718;0000;;;0,32;
220719;0000;;;0,38;
220720;0000;;;0,36;
220721;0000;;;0,33;
220722;0000;;;0,36;
220723;0000;;;0,26;
220724;0000;;;0,23;
220725;0000;;;0,19;
220726;0000;;;0,24;
220727;0000;;;0,23;
220728;0000;;;0,24;
220729;0000;;;0,27;
220730;0000;;;0,25;
220731;0000;;;0,37;
220801;0000;;;0,27;
220802;0000;;;0,29;
220803;0000;;;0,29;
220804;0000;;;0,25;
220805;0000;;;0,27;
220806;0000;;;0,23;
220807;0000;;;0,23;
220808;0000;;;0,27;
220809;0000;;;0,32;
220810;0000;;;0,27;
220811;0000;;;0,27;
220812;0000;;;0,26;
220813;0000;;;0,31;
220814;0000;;;0,31;
220815;0000;;;0,2;
220816;0000;;;0,23;
220817;0000;;;0,18;
220818;0000;;;0,21;
220819;0000;;;0,31;
220820;0000;;;0,35;
220821;0000;;;0,28;
220822;0000;;;0,22;
220823;0000;;;0,23;
220824;0000;;;0,31;
220825;0000;;;0,29;
220826;0000;;;0,25;
220827;0000;;;0,23;
220828;0000;;;0,27;
220829;0000;;;0,21;
220830;0000;;;0,22;
220831;0000;;;0,19;
220901;0000;;;0,22;
220902;0000;;;0,29;
220903;0000;;;0,27;
220904;0000;;;0,29;
220905;0000;;;0,27;
220906;0000;;;0,27;
220907;0000;;;0,2;
220908;0000;;;0,19;
220909;0000;;;0,22;
220910;0000;;;0,27;
220911;0000;;;0,23;
220912;0000;;;0,21;
220913;0000;;;0,2;
220914;0000;;;0,25;
220915;0000;;;0,23;
220916;0000;;;0,25;
220917;0000;;;0,24;
220918;0000;;;0,19;
220919;0000;;;0,23;
220920;0000;;;0,21;
220921;0000;;;0,17;
220922;0000;;;0,14;
220923;0000;;;0,18;
220924;0000;;;0,14;
220925;0000;;;0,15;
220926;0000;;;0,17;
220927;0000;;;0,17;
220928;0000;;;0,16;
220929;0000;;;0,17;
220930;0000;;;0,18;
221001;0000;;;0,21;
221002;0000;;;0,21;
221003;0000;;;0,18;
221004;0000;;;0,18;
221005;0000;;;0,19;
221006;0000;;;0,16;
221007;0000;;;0,18;
221008;0000;;;0,18;
221009;0000;;;0,24;
221010;0000;;;0,22;
221011;0000;;;0,16;
221012;0000;;;0,23;
221013;0000;;;0,17;
221014;0000;;;0,18;
221015;0000;;;0,2;
221016;0000;;;0,19;
221017;0000;;;0,16;
221018;0000;;;0,17;
221019;0000;;;0,15;
221020;0000;;;0,13;
221021;0000;;;0,13;
221022;0000;;;0,13;
221023;0000;;;0,12;
221024;0000;;;0,19;
221025;0000;;;0,12;
221026;0000;;;0,13;
221027;0000;;;0,14;
221028;0000;;;0,15;
221029;0000;;;0,2;
221030;0000;;;0,12;
221031;0000;;;0,27;
221101;0000;;;0,26;
221102;0000;;;0,13;
221103;0000;;;0,14;
221104;0000;;;0,14;
221105;0000;;;0,16;
221106;0000;;;0,17;
221107;0000;;;0,15;
221108;0000;;;0,16;
221109;0000;;;0,15;
221110;0000;;;0,18;
221111;0000;;;0,16;
221112;0000;;;0,16;
221113;0000;;;0,17;
221114;0000;;;0,19;
221115;0000;;;0,18;
221116;0000;;;0,15;
221117;0000;;;0,13;
221118;0000;;;0,13;
221119;0000;;;0,13;
221120;0000;;;0,14;
221121;0000;;;0,16;
221122;0000;;;0,13;
221123;0000;;;0,13;
221124;0000;;;0,14;
221125;0000;;;0,14;
221126;0000;;;0,15;
221127;0000;;;0,14;
221128;0000;;;0,15;
221129;0000;;;0,16;
221130;0000;;;0,15;
221201;0000;;;0,15;
221202;0000;;;0,15;
221203;0000;;;0,16;
221204;0000;;;0,17;
221205;0000;;;0,16;
221206;0000;;;0,17;
221207;0000;;;0,17;
221208;0000;;;0,18;
221209;0000;;;0,17;
221210;0000;;;0,17;
221211;0000;;;0,17;
221212;0000;;;0,15;
221213;0000;;;0,16;
221214;0000;;;0,16;
221215;0000;;;0,19;
221216;0000;;;0,17;
221217;0000;;;0,17;
221218;0000;;;0,18;
221219;0000;;;0,16;
221220;0000;;;0,17;
221221;0000;;;0,25;
221222;0000;;;0,2;
221223;0000;;;0,16;
221224;0000;;;0,19;
221225;0000;;;0,18;
221226;0000;;;0,17;
221227;0000;;;0,18;
221228;0000;;;0,15;
221229;0000;;;0,16;
221230;0000;;;0,16;
221231;0000;;;0,18;
230101;0000;;;0,21;
230102;0000;;;0,16;
230103;0000;;;0,17;
230104;0000;;;0,17;
230105;0000;;;0,14;
230106;0000;;;0,15;
230107;0000;;;0,13;
230108;0000;;;0,12;
230109;0000;;;0,12;
230110;0000;;;0,12;
230111;0000;;;0,11;
230112;0000;;;0,13;
230113;0000;;;0,11;
230114;0000;;;0,1;
230115;0000;;;0,13;
230116;0000;;;0,1;
230117;0000;;;0,11;
230118;0000;;;0,11;
230119;0000;;;0,12;
230120;0000;;;0,12;
230121;0000;;;0,15;
230122;0000;;;0,13;
230123;0000;;;0,15;
230124;0000;;;0,14;
230125;0000;;;0,13;
230126;0000;;;0,12;
230127;0000;;;0,13;
230128;0000;;;0,14;
230129;0000;;;0,13;
230130;0000;;;0,13;
230131;0000;;;0,14;
230201;0000;;;0,13;
230202;0000;;;0,13;
230203;0000;;;0,13;
230204;0000;;;0,16;
230205;0000;;;0,18;
230206;0000;;;0,35;
230207;0000;;;0,35;
230208;0000;;;0,32;
230209;0000;;;0,38;
230210;0000;;;0,27;
230211;0000;;;0,19;
230212;0000;;;0,19;
230213;0000;;;0,14;
230214;0000;;;0,13;
230215;0000;;;0,15;
230216;0000;;;0,17;
230217;0000;;;0,16;
230218;0000;;;0,19;
230219;0000;;;0,16;
230220;0000;;;0,17;
230221;0000;;;0,13;
230222;0000;;;0,12;
230223;0000;;;0,12;
230224;0000;;;0,12;
230225;0000;;;0,1;
230226;0000;;;0,12;
230227;0000;;;0,09;
230228;0000;;;0,08;
230301;0000;;;0,13;
230302;0000;;;0,16;
230303;0000;;;0,15;
230304;0000;;;0,17;
230305;0000;;;0,18;
230306;0000;;;0,18;
230307;0000;;;0,16;
230308;0000;;;0,19;
230309;0000;;;0,19;
230310;0000;;;0,16;
230311;0000;;;0,18;
230312;0000;;;0,19;
230313;0000;;;0,2;
230314;0000;;;0,17;
230315;0000;;;0,17;
230316;0000;;;0,2;
230317;0000;;;0,2;
230318;0000;;;0,21;
230319;0000;;;0,22;
230320;0000;;;0,19;
230321;0000;;;0,22;
230322;0000;;;0,25;
230323;0000;;;0,26;
230324;0000;;;0,29;
230325;0000;;;0,29;
230326;0000;;;0,22;
230327;0000;;;0,21;
230328;0000;;;0,18;
230329;0000;;;0,22;
230330;0000;;;0,22;
230331;0000;;;0,34;
230401;0000;;;0,34;
230402;0000;;;0,34;
230403;0000;;;0,29;
230404;0000;;;0,29;
230405;0000;;;0,26;
230406;0000;;;0,19;
230407;0000;;;0,2;
230408;0000;;;0,22;
230409;0000;;;0,23;
230410;0000;;;0,26;
230411;0000;;;0,2;
230412;0000;;;0,17;
230413;0000;;;0,18;
230414;0000;;;0,18;
230415;0000;;;0,27;
230416;0000;;;0,16;
230417;0000;;;0,18;
230418;0000;;;0,18;
230419;0000;;;0,23;
230420;0000;;;0,19;
230421;0000;;;0,21;
230422;0000;;;0,22;
230423;0000;;;0,2;
230424;0000;;;0,21;
230425;0000;;;0,2;
230426;0000;;;0,26;
230427;0000;;;0,26;
230428;0000;;;0,16;
230429;0000;;;0,17;
230430;0000;;;0,13;
230501;0000;;;0,15;
230502;0000;;;0,22;
230503;0000;;;0,22;
230504;0000;;;0,21;
230505;0000;;;0,29;
230506;0000;;;0,26;
230507;0000;;;0,32;
230508;0000;;;0,33;
230509;0000;;;0,33;
230510;0000;;;0,35;
230511;0000;;;0,26;
230512;0000;;;0,26;
230513;0000;;;0,32;
230514;0000;;;0,27;
230515;0000;;;0,24;
230516;0000;;;0,28;
230517;0000;;;0,21;
230518;0000;;;0,27;
230519;0000;;;0,26;
230520;0000;;;0,25;
230521;0000;;;0,18;
230522;0000;;;0,18;
230523;0000;;;0,19;
230524;0000;;;0,22;
230525;0000;;;0,25;
230526;0000;;;0,19;
230527;0000;;;0,22;
230528;0000;;;0,24;
230529;0000;;;0,26;
230530;0000;;;0,29;
230531;0000;;;0,32;
230601;0000;;;0,26;
230602;0000;;;0,23;
230603;0000;;;0,25;
230604;0000;;;0,23;
230605;0000;;;0,28;
230606;0000;;;0,31;
230607;0000;;;0,26;
230608;0000;;;0,22;
230609;0000;;;0,17;
230610;0000;;;0,16;
230611;0000;;;0,25;
230612;0000;;;0,29;
230613;0000;;;0,39;
230614;0000;;;0,41;
230615;0000;;;0,38;
230616;0000;;;0,37;
230617;0000;;;0,37;
230618;0000;;;0,29;
230619;0000;;;0,24;
230620;0000;;;0,34;
230621;0000;;;0,31;
230622;0000;;;0,26;
230623;0000;;;0,29;
230624;0000;;;0,28;
230625;0000;;;0,27;
230626;0000;;;0,27;
230627;0000;;;0,26;
230628;0000;;;0,33;
230629;0000;;;0,35;
230630;0000;;;0,3;
230701;0000;;;0,33;
230702;0000;;;0,22;
230703;0000;;;0,29;
230704;0000;;;0,27;
230705;0000;;;0,19;
230706;0000;;;0,25;
230707;0000;;;0,27;
230708;0000;;;0,35;
230709;0000;;;0,23;
230710;0000;;;0,29;
230711;0000;;;0,26;
230712;0000;;;0,22;
230713;0000;;;0,32;
230714;0000;;;0,27;
230715;0000;;;0,31;
230716;0000;;;0,29;
230717;0000;;;0,35;
230718;0000;;;0,4;
230719;0000;;;0,29;
230720;0000;;;0,19;
230721;0000;;;0,15;
230722;0000;;;0,15;
230723;0000;;;0,2;
230724;0000;;;0,27;
230725;0000;;;0,22;
230726;0000;;;0,26;
230727;0000;;;0,32;
230728;0000;;;0,31;
230729;0000;;;0,32;
230730;0000;;;0,29;
230731;0000;;;0,26;
230801;0000;;;0,24;
230802;0000;;;0,27;
230803;0000;;;0,24;
230804;0000;;;0,27;
230805;0000;;;0,27;
230806;0000;;;0,22;
230807;0000;;;0,28;
230808;0000;;;0,3;
230809;0000;;;0,29;
230810;0000;;;0,18;
230811;0000;;;0,14;
230812;0000;;;0,21;
230813;0000;;;0,26;
230814;0000;;;0,24;
230815;0000;;;0,18;
230816;0000;;;0,17;
230817;0000;;;0,19;
230818;0000;;;0,16;
230819;0000;;;0,3;
230820;0000;;;0,28;
230821;0000;;;0,16;
230822;0000;;;0,13;
230823;0000;;;0,22;
230824;0000;;;0,17;
230825;0000;;;0,15;
230826;0000;;;0,21;
230827;0000;;;0,31;
230828;0000;;;0,26;
230829;0000;;;0,23;
230830;0000;;;0,16;
230831;0000;;;0,23;
230901;0000;;;0,28;
230902;0000;;;0,25;
230903;0000;;;0,22;
230904;0000;;;0,23;
230905;0000;;;0,28;
230906;0000;;;0,33;
230907;0000;;;0,21;
230908;0000;;;0,2;
230909;0000;;;0,24;
230910;0000;;;0,23;
230911;0000;;;0,14;
230912;0000;;;0,12;
230913;0000;;;0,14;
230914;0000;;;0,14;
230915;0000;;;0,13;
230916;0000;;;0,15;
230917;0000;;;0,13;
230918;0000;;;0,17;
230919;0000;;;0,23;
230920;0000;;;0,12;
230921;0000;;;0,16;
230922;0000;;;0,14;
230923;0000;;;0,14;
230924;0000;;;0,13;
230925;0000;;;0,16;
230926;0000;;;0,12;
230927;0000;;;0,14;
230928;0000;;;0,2;
230929;0000;;;0,19;
230930;0000;;;0,17;
231001;0000;;;0,16;
231002;0000;;;0,13;
231003;0000;;;0,14;
231004;0000;;;0,14;
231005;0000;;;0,14;
231006;0000;;;0,14;
231007;0000;;;0,15;
231008;0000;;;0,23;
231009;0000;;;0,21;
231010;0000;;;0,12;
231011;0000;;;0,14;
231012;0000;;;0,23;
231013;0000;;;0,19;
231014;0000;;;0,23;
231015;0000;;;0,16;
231016;0000;;;0,17;
231017;0000;;;0,18;
231018;0000;;;0,14;
231019;0000;;;0,18;
231020;0000;;;0,17;
231021;0000;;;0,16;
231022;0000;;;0,21;
231023;0000;;;0,14;
231024;0000;;;0,15;
231025;0000;;;0,17;
231026;0000;;;0,2;
231027;0000;;;0,21;
231028;0000;;;0,22;
231029;0000;;;0,18;
231030;0000;;;0,14;
231031;0000;;;0,16;
231101;0000;;;0,14;
231102;0000;;;0,2;
231103;0000;;;0,18;
231104;0000;;;0,19;
231105;0000;;;0,16;
231106;0000;;;0,17;
231107;0000;;;0,15;
231108;0000;;;0,18;
231109;0000;;;0,18;
231110;0000;;;0,21;
231111;0000;;;0,18;
231112;0000;;;0,16;
231113;0000;;;0,16;
231114;0000;;;0,2;
231115;0000;;;0,15;
231116;0000;;;0,2;
231117;0000;;;0,21;
231118;0000;;;0,2;
231119;0000;;;0,23;
231120;0000;;;0,18;
231121;0000;;;0,21;
231122;0000;;;0,18;
231123;0000;;;0,23;
231124;0000;;;0,25;
231125;0000;;;0,2;
231126;0000;;;0,21;
231127;0000;;;0,21;
231128;0000;;;0,2;
231129;0000;;;0,22;
231130;0000;;;0,21;
231201;0000;;;0,2;
231202;0000;;;0,2;
231203;0000;;;0,26;
231204;0000;;;0,19;
231205;0000;;;0,25;
231206;0000;;;0,24;
231207;0000;;;0,13;
231208;0000;;;0,07;
231209;0000;;;0,07;
231210;0000;;;0,12;
231211;0000;;;0,07;
231212;0000;;;0,05;
231213;0000;;;0,04;
231214;0000;;;0,1;
231215;0000;;;0,18;
231216;0000;;;0,21;
231217;0000;;;0,13;
231218;0000;;;0,13;
231219;0000;;;0,12;
231220;0000;;;0,13;
231221;0000;;;0,13;
231222;0000;;;0,13;
231223;0000;;;0,13;
231224;0000;;;0,13;
231225;0000;;;0,15;
231226;0000;;;0,14;
231227;0000;;;0,15;
231228;0000;;;0,15;
231229;0000;;;0,17;
231230;0000;;;0,18;
231231;0000;;;0,23;
240101;0000;;;0,21;
240102;0000;;;0,18;
240103;0000;;;0,17;
240104;0000;;;0,17;
240105;0000;;;0,19;
240106;0000;;;0,19;
240107;0000;;;0,18;
240108;0000;;;0,18;
240109;0000;;;0,18;
240110;0000;;;0,19;
240111;0000;;;0,2;
240112;0000;;;0,2;
240113;0000;;;0,2;
240114;0000;;;0,24;
240115;0000;;;0,21;
240116;0000;;;0,2;
240117;0000;;;0,22;
240118;0000;;;0,22;
240119;0000;;;0,23;
240120;0000;;;0,22;
240121;0000;;;0,21;
240122;0000;;;0,23;
240123;0000;;;0,22;
240124;0000;;;0,24;
240125;0000;;;0,26;
240126;0000;;;0,27;
240127;0000;;;0,29;
240128;0000;;;0,3;
240129;0000;;;0,24;
240130;0000;;;0,24;
240131;0000;;;0,26;
240201;0000;;;0,27;
240202;0000;;;0,3;
240203;0000;;;0,4;
240204;0000;;;0,31;
240205;0000;;;0,31;
240206;0000;;;0,33;
240207;0000;;;0,36;
240208;0000;;;0,35;
240209;0000;;;0,34;
240210;0000;;;0,37;
240211;0000;;;0,34;
240212;0000;;;0,46;
240213;0000;;;;
240214;0000;;;0,19;
240215;0000;;;0,17;
240216;0000;;;0,14;
240217;0000;;;0,19;
240218;0000;;;0,12;
240219;0000;;;0,12;
240220;0000;;;0,1;
240221;0000;;;0,1;
240222;0000;;;0,09;
240223;0000;;;0,11;
240224;0000;;;0,12;
240225;0000;;;0,11;
240226;0000;;;0,09;
240227;0000;;;0,13;
240228;0000;;;0,19;
240229;0000;;;0,21;
240301;0000;;;0,19;
240302;0000;;;0,22;
240303;0000;;;0,28;
240304;0000;;;0,22;
240305;0000;;;0,21;
240306;0000;;;0,22;
240307;0000;;;0,23;
240308;0000;;;0,2;
240309;0000;;;0,26;
240310;0000;;;0,26;
240311;0000;;;0,25;
240312;0000;;;0,24;
240313;0000;;;0,2;
240314;0000;;;0,22;
240315;0000;;;0,19;
240316;0000;;;0,25;
240317;0000;;;0,23;
240318;0000;;;0,24;
240319;0000;;;0,26;
240320;0000;;;0,23;
240321;0000;;;0,32;
240322;0000;;;0,24;
240323;0000;;;0,23;
240324;0000;;;0,23;
240325;0000;;;0,22;
240326;0000;;;0,24;
240327;0000;;;0,24;
240328;0000;;;0,25;
240329;0000;;;0,28;
240330;0000;;;0,28;
240331;0000;;;0,24;
240401;0000;;;0,25;
240402;0000;;;0,3;
240403;0000;;;0,23;
240404;0000;;;0,25;
240405;0000;;;0,33;
240406;0000;;;0,27;
240407;0000;;;0,31;
240408;0000;;;0,28;
240409;0000;;;0,32;
240410;0000;;;0,33;
240411;0000;;;0,29;
240412;0000;;;0,31;
240413;0000;;;0,33;
240414;0000;;;0,44;
240415;0000;;;0,33;
240416;0000;;;0,31;
240417;0000;;;0,33;
240418;0000;;;0,39;
240419;0000;;;0,3;
240420;0000;;;0,36;
240421;0000;;;0,33;
240422;0000;;;0,28;
240423;0000;;;0,37;
240424;0000;;;0,35;
240425;0000;;;0,34;
240426;0000;;;0,3;
240427;0000;;;0,3;
240428;0000;;;0,37;
240429;0000;;;0,32;
240430;0000;;;0,31;
240501;0000;;;0,31;
240502;0000;;;0,35;
240503;0000;;;0,52;
240504;0000;;;0,41;
240505;0000;;;0,45;
240506;0000;;;0,41;
240507;0000;;;0,41;
240508;0000;;;0,36;
240509;0000;;;0,46;
240510;0000;;;0,45;
240511;0000;;;0,42;
240512;0000;;;0,4;
240513;0000;;;0,43;
240514;0000;;;0,52;
240515;0000;;;0,56;
240516;0000;;;0,47;
240517;0000;;;0,42;
240518;0000;;;0,51;
240519;0000;;;0,6;
240520;0000;;;0,65;
240521;0000;;;0,45;
240522;0000;;;0,47;
240523;0000;;;0,39;
240524;0000;;;0,52;
240525;0000;;;0,45;
240526;0000;;;0,47;
240527;0000;;;0,5;
240528;0000;;;0,53;
240529;0000;;;0,58;
240530;0000;;;0,53;
240531;0000;;;0,51;
240601;0000;;;0,55;
240602;0000;;;0,55;
240603;0000;;;0,49;
240604;0000;;;0,59;
240605;0000;;;0,57;
240606;0000;;;0,56;
240607;0000;;;0,58;
240608;0000;;;0,42;
240609;0000;;;0,46;
240610;0000;;;0,48;
240611;0000;;;0,49;
240612;0000;;;0,37;
240613;0000;;;0,39;
240614;0000;;;0,39;
240615;0000;;;0,46;
240616;0000;;;0,49;
240617;0000;;;0,45;
240618;0000;;;0,39;
240619;0000;;;0,46;
240620;0000;;;0,42;
240621;0000;;;0,37;
240622;0000;;;0,42;
240623;0000;;;0,39;
240624;0000;;;0,41;
240625;0000;;;0,44;
240626;0000;;;0,51;
240627;0000;;;0,49;
240628;0000;;;0,48;
240629;0000;;;0,62;
240630;0000;;;0,59;
240701;0000;;;0,57;
240702;0000;;;0,59;
240703;0000;;;0,48;
240704;0000;;;0,49;
240705;0000;;;0,58;
240706;0000;;;0,56;
240707;0000;;;0,55;
240708;0000;;;0,62;
240709;0000;;;0,62;
240710;0000;;;0,53;
240711;0000;;;0,64;
240712;0000;;;0,63;
240713;0000;;;0,67;
240714;0000;;;0,67;
240715;0000;;;0,62;
240716;0000;;;0,64;
240717;0000;;;0,62;
240718;0000;;;0,56;
240719;0000;;;0,51;
240720;0000;;;0,6;
240721;0000;;;0,54;
240722;0000;;;0,6;
240723;0000;;;0,56;
240724;0000;;;0,6;
240725;0000;;;0,58;
240726;0000;;;0,56;
240727;0000;;;0,55;
240728;0000;;;0,57;
240729;0000;;;0,56;
240730;0000;;;0,49;
240731;0000;;;0,4;
240801;0000;;;0,34;
240802;0000;;;0,36;
240803;0000;;;0,37;
240804;0000;;;0,53;
240805;0000;;;0,53;
240806;0000;;;0,4;
240807;0000;;;0,43;
240808;0000;;;0,48;
240809;0000;;;0,53;
240810;0000;;;0,49;
240811;0000;;;0,51;
240812;0000;;;0,52;
240813;0000;;;0,48;
240814;0000;;;0,46;
240815;0000;;;0,51;
240816;0000;;;0,45;
240817;0000;;;0,51;
240818;0000;;;0,51;
240819;0000;;;0,47;
240820;0000;;;0,47;
240821;0000;;;0,55;
240822;0000;;;0,62;
240823;0000;;;0,48;
240824;0000;;;0,59;
240825;0000;;;0,54;
240826;0000;;;0,53;
240827;0000;;;0,53;
240828;0000;;;0,51;
240829;0000;;;0,53;
240830;0000;;;0,54;
240831;0000;;;0,58;
240901;0000;;;0,52;
240902;0000;;;0,41;
240903;0000;;;0,41;
240904;0000;;;0,48;
240905;0000;;;0,55;
240906;0000;;;0,46;
240907;0000;;;0,46;
240908;0000;;;0,53;
240909;0000;;;0,56;
240910;0000;;;0,51;
240911;0000;;;0,53;
240912;0000;;;0,53;
240913;0000;;;0,53;
240914;0000;;;0,61;
240915;0000;;;0,59;
240916;0000;;;0,63;
240917;0000;;;0,39;
240918;0000;;;0,28;
240919;0000;;;0,26;
240920;0000;;;0,36;
240921;0000;;;0,31;
240922;0000;;;0,35;
240923;0000;;;0,24;
240924;0000;;;0,25;
240925;0000;;;0,28;
240926;0000;;;0,27;
240927;0000;;;0,3;
240928;0000;;;0,26;
240929;0000;;;0,25;
240930;0000;;;0,24;
241001;0000;;;0,23;
241002;0000;;;0,29;
241003;0000;;;0,28;
241004;0000;;;0,32;
241005;0000;;;0,34;
241006;0000;;;0,33;
241007;0000;;;0,28;
241008;0000;;;0,28;
241009;0000;;;0,29;
241010;0000;;;0,32;
241011;0000;;;0,31;
241012;0000;;;0,39;
241013;0000;;;0,3;
241014;0000;;;0,17;
241015;0000;;;0,22;
241016;0000;;;0,22;
241017;0000;;;0,21;
241018;0000;;;0,15;
241019;0000;;;;
241020;0000;;;;
241021;0000;;;0,1;
241022;0000;;;0,09;
241023;0000;;;0,09;
241024;0000;;;0,09;
241025;0000;;;0,08;
241026;0000;;;0,14;
241027;0000;;;0,2;
241028;0000;;;0,13;
241029;0000;;;0,16;
241030;0000;;;0,17;
241031;0000;;;0,18;
241101;0000;;;0,2;
241102;0000;;;0,17;
241103;0000;;;0,18;
241104;0000;;;0,18;
241105;0000;;;0,19;
241106;0000;;;0,24;
241107;0000;;;0,23;
241108;0000;;;0,25;
241109;0000;;;0,24;
241110;0000;;;0,22;
241111;0000;;;0,23;
241112;0000;;;0,25;
241113;0000;;;0,25;
241114;0000;;;0,25;
241115;0000;;;0,26;
241116;0000;;;0,3;
241117;0000;;;0,28;
241118;0000;;;0,35;
241119;0000;;;0,38;
241120;0000;;;0,45;
241121;0000;;;0,46;
241122;0000;;;0,46;
241123;0000;;;0,5;
241124;0000;;;0,48;
241125;0000;;;0,47;
241126;0000;;;0,48;
241127;0000;;;0,52;
241128;0000;;;0,38;
241129;0000;;;0,1;
241130;0000;;;0,06;
241201;0000;;;0,06;
241202;0000;;;0,1;
241203;0000;;;0,15;
241204;0000;;;0,15;
241205;0000;;;0,11;
241206;0000;;;0,28;
241207;0000;;;0,36;
241208;0000;;;0,33;
241209;0000;;;0,26;
241210;0000;;;0,31;
241211;0000;;;0,47;
241212;0000;;;0,3;
241213;0000;;;0,11;
241214;0000;;;0,16;
241215;0000;;;0,13;
241216;0000;;;0,14;
241217;0000;;;0,18;
241218;0000;;;0,2;
241219;0000;;;0,24;
241220;0000;;;0,18;
241221;0000;;;0,14;
241222;0000;;;0,14;
241223;0000;;;0,13;
241224;0000;;;0,11;
241225;0000;;;0,11;
241226;0000;;;0,11;
241227;0000;;;0,11;
241228;0000;;;0,13;
241229;0000;;;0,17;
241230;0000;;;0,03;
241231;0000;;;0,04;
250101;0000;;;0,04;
250102;0000;;;0,07;
250103;0000;;;0,09;
250104;0000;;;0,11;
250105;0000;;;0,12;
250106;0000;;;0,09;
250107;0000;;;0,23;
250108;0000;;;0,26;
250109;0000;;;0,28;
250110;0000;;;0,28;
250111;0000;;;0,24;
250112;0000;;;0,24;
250113;0000;;;0,24;
250114;0000;;;0,23;
250115;0000;;;0,27;
250116;0000;;;0,29;
250117;0000;;;0,29;
250118;0000;;;0,33;
250119;0000;;;0,35;
250120;0000;;;0,35;
250121;0000;;;0,39;
250122;0000;;;0,36;
250123;0000;;;0,37;
250124;0000;;;0,35;
250125;0000;;;0,4;
250126;0000;;;0,41;
250127;0000;;;0,41;
250128;0000;;;0,4;
250129;0000;;;0,42;
250130;0000;;;0,44;
250131;0000;;;0,45;
250201;0000;;;0,43;
250202;0000;;;0,43;
250203;0000;;;0,42;
250204;0000;;;0,42;
250205;0000;;;0,44;
250206;0000;;;0,45;
250207;0000;;;0,47;
250208;0000;;;0,5;
250209;0000;;;0,51;
250210;0000;;;0,51;
250211;0000;;;0,52;
250212;0000;;;0,51;
250213;0000;;;0,5;
250214;0000;;;0,51;
250215;0000;;;0,5;
250216;0000;;;0,48;
250217;0000;;;0,5;
250218;0000;;;0,5;
250219;0000;;;0,52;
250220;0000;;;0,53;
250221;0000;;;0,46;
250222;0000;;;0,36;
250223;0000;;;0,37;
250224;0000;;;0,34;
250225;0000;;;;
250226;0000;;;0,35;
250227;0000;;;0,12;
250228;0000;;;0,3;
250301;0000;;;0,34;
250302;0000;;;0,3;
250303;0000;;;0,29;
250304;0000;;;0,32;
250305;0000;;;0,29;
250306;0000;;;0,3;
250307;0000;;;0,29;
250308;0000;;;0,29;
250309;0000;;;0,31;
250310;0000;;;0,43;
250311;0000;;;0,33;
250312;0000;;;0,31;
250313;0000;;;0,36;
250314;0000;;;0,35;
250315;0000;;;0,33;
250316;0000;;;0,36;
250317;0000;;;0,35;
250318;0000;;;0,35;
250319;0000;;;0,35;
250320;0000;;;0,34;
250321;0000;;;0,36;
250322;0000;;;0,35;
250323;0000;;;0,35;
250324;0000;;;0,37;
250325;0000;;;0,43;
250326;0000;;;0,39;
250327;0000;;;0,43;
250328;0000;;;0,41;
250329;0000;;;0,4;
250330;0000;;;0,33;
250331;0000;;;0,3;
250401;0000;;;0,33;
250402;0000;;;0,41;
250403;0000;;;0,45;
250404;0000;;;0,49;
250405;0000;;;0,49;
250406;0000;;;0,5;
250407;0000;;;0,52;
250408;0000;;;0,54;
250409;0000;;;0,53;
250410;0000;;;0,51;
250411;0000;;;0,65;
250412;0000;;;0,45;
250413;0000;;;0,43;
250414;0000;;;0,4;
250415;0000;;;0,41;
250416;0000;;;0,43;
250417;0000;;;0,4;
250418;0000;;;0,5;
250419;0000;;;0,5;
250420;0000;;;0,52;
250421;0000;;;0,47;
250422;0000;;;0,5;
250423;0000;;;0,46;
250424;0000;;;0,49;
250425;0000;;;0,53;
250426;0000;;;;
250427;0000;;;;
250428;0000;;;;
250429;0000;;;0,42;
250430;0000;;;0,41;
250501;0000;;;0,3;
250502;0000;;;0,33;
250503;0000;;;0,31;
250504;0000;;;0,4;
250505;0000;;;0,26;
250506;0000;;;0,31;
250507;0000;;;0,35;
250508;0000;;;;
250509;0000;;;0,21;
250510;0000;;;0,19;
250511;0000;;;0,2;
250512;0000;;;0,23;
250513;0000;;;0,25;
250514;0000;;;0,28;
250515;0000;;;0,34;
250516;0000;;;0,37;
250517;0000;;;0,42;
250518;0000;;;0,25;
250519;0000;;;0,26;
250520;0000;;;0,27;
250521;0000;;;0,25;
250522;0000;;;0,26;
250523;0000;;;;
250524;0000;;;0,11;
250525;0000;;;0,13;
250526;0000;;;0,13;
250527;0000;;;0,1;
250528;0000;;;0,17;
250529;0000;;;0,27;
250530;0000;;;0,31;
250531;0000;;;0,36;
250601;0000;;;0,49;
250602;0000;;;0,4;
250603;0000;;;0,48;
250604;0000;;;0,39;
250605;0000;;;0,46;
250606;0000;;;0,41;
250607;0000;;;0,33;
250608;0000;;;0,49;
250609;0000;;;0,46;
250610;0000;;;0,5;
250611;0000;;;0,29;
250612;0000;;;0,27;
250613;0000;;;0,32;
250614;0000;;;0,33;
250615;0000;;;0,23;
250616;0000;;;0,29;
250617;0000;;;0,31;
250618;0000;;;0,31;
250619;0000;;;0,39;
250620;0000;;;0,41;
250621;0000;;;0,35;
250622;0000;;;0,32;
250623;0000;;;0,3;
250624;0000;;;0,38;
250625;0000;;;0,42;
250626;0000;;;0,37;
250627;0000;;;0,43;
250628;0000;;;0,42;
250629;0000;;;0,39;
250630;0000;;;0,49;
250701;0000;;;0,52;
250702;0000;;;0,56;
250703;0000;;;0,57;
250704;0000;;;0,56;
250705;0000;;;0,43;
250706;0000;;;0,43;
250707;0000;;;0,49;
250708;0000;;;0,5;
250709;0000;;;0,5;
250710;0000;;;0,58;
250711;0000;;;0,55;
250712;0000;;;0,43;
250713;0000;;;0,34;
250714;0000;;;0,39;
250715;0000;;;0,27;
250716;0000;;;0,29;
250717;0000;;;0,33;
250718;0000;;;0,43;
250719;0000;;;0,43;
250720;0000;;;0,4;
250721;0000;;;0,35;
250722;0000;;;0,35;
250723;0000;;;0,31;
250724;0000;;;0,38;
250725;0000;;;0,44;
250726;0000;;;0,32;
250727;0000;;;0,33;
250728;0000;;;0,33;
250729;0000;;;0,34;
250730;0000;;;0,29;
250731;0000;;;0,27;
250801;0000;;;0,26;
250802;0000;;;0,28;
250803;0000;;;0,36;
250804;0000;;;0,44;
250805;0000;;;0,39;
250806;0000;;;0,38;
250807;0000;;;0,31;
250808;0000;;;0,35;
250809;0000;;;0,31;
250810;0000;;;0,37;
250811;0000;;;0,4;
250812;0000;;;0,42;
250813;0000;;;0,41;
250814;0000;;;0,39;
250815;0000;;;0,33;
250816;0000;;;0,38;
250817;0000;;;0,38;
250818;0000;;;0,33;
250819;0000;;;0,35;
250820;0000;;;0,34;
250821;0000;;;0,36;
250822;0000;;;0,38;
250823;0000;;;0,36;
250824;0000;;;0,4;
250825;0000;;;0,45;
250826;0000;;;0,5;
250827;0000;;;0,44;
250828;0000;;;0,43;
250829;0000;;;0,54;
250830;0000;;;0,51;
250831;0000;;;0,57;
250901;0000;;;0,6;
250902;0000;;;0,56;
250903;0000;;;0,51;
250904;0000;;;0,57;
250905;0000;;;0,55;
250906;0000;;;0,51;
250907;0000;;;0,49;
250908;0000;;;0,54;
250909;0000;;;0,53;
250910;0000;;;0,5;
250911;0000;;;0,55;
250912;0000;;;0,56;
250913;0000;;;0,51;
250914;0000;;;0,52;
250915;0000;;;0,53;
250916;0000;;;0,59;
250917;0000;;;0,53;
250918;0000;;;0,6;
250919;0000;;;0,53;
250920;0000;;;0,53;
250921;0000;;;0,52;
250922;0000;;;0,55;
250923;0000;;;0,6;
250924;0000;;;0,62;
250925;0000;;;0,62;
250926;0000;;;0,52;
250927;0000;;;0,51;
250928;0000;;;0,47;
250929;0000;;;0,45;
250930;0000;;;0,46;
251001;0000;;;0,43;
251002;0000;;;0,42;
251003;0000;;;0,44;
251004;0000;;;0,41;
251005;0000;;;0,39;
251006;0000;;;0,38;
251007;0000;;;0,4;
251008;0000;;;0,42;
251009;0000;;;0,45;
251010;0000;;;0,55;
251011;0000;;;0,53;
251012;0000;;;0,54;
251013;0000;;;0,57;
251014;0000;;;0,59;
251015;0000;;;0,58;
251016;0000;;;0,59;
251017;0000;;;0,6;
251018;0000;;;0,59;
251019;0000;;;0,54;
251020;0000;;;0,54;
251021;0000;;;0,53;
251022;0000;;;0,55;
251023;0000;;;0,54;
251024;0000;;;0,3;
251025;0000;;;0,15;
251026;0000;;;0,18;
251027;0000;;;0,18;
251028;0000;;;0,18;
251029;0000;;;0,2;
251030;0000;;;0,2;
251031;0000;;;0,2;
251101;0000;;;0,21;
251102;0000;;;0,22;
251103;0000;;;0,22;
251104;0000;;;0,25;
251105;0000;;;0,23;
251106;0000;;;0,28;
251107;0000;;;0,3;
251108;0000;;;0,26;
251109;0000;;;0,22;
251110;0000;;;0,25;
251111;0000;;;0,25;
251112;0000;;;0,26;
251113;0000;;;0,26;
251114;0000;;;0,26;
251115;0000;;;0,26;
251116;0000;;;0,26;
251117;0000;;;0,27;
251118;0000;;;0,3;
251119;0000;;;0,32;
251120;0000;;;0,34;
251121;0000;;;0,37;
251122;0000;;;0,36;
251123;0000;;;0,35;
251124;0000;;;0,32;
251125;0000;;;0,35;
251126;0000;;;0,44;
251127;0000;;;0,43;
251128;0000;;;0,42;
251129;0000;;;0,44;
251130;0000;;;0,42;
251201;0000;;;0,41;
251202;0000;;;0,45;
251203;0000;;;0,46;
251204;0000;;;0,46;
251205;0000;;;0,47;
251206;0000;;;0,51;
251207;0000;;;0,51;
251208;0000;;;0,5;
