fecha,temperatura_mean,temperatura_max,temperatura_min,humedad_mean,humedad_max,humedad_min,precipitacion_mean,precipitacion_max,velocidad_viento_mean,velocidad_viento_max,velocidad_viento_min,direccion_viento_mean,direccion_viento_max,direccion_viento_min,N02,MP10,MP2_5,NO
2024-12-11,17.38108652173913,24.9725,9.47749,57.92076086956522,91.925,29.715,0.0,0.0,1.9009914347826087,4.11595,0.243455,149.74511304347826,218.011,13.0999,4.26,22.0,3.0,5.34077
2024-12-12,17.191979166666666,23.9325,10.725,63.14324166666666,89.975,34.145,0.0,0.0,1.9724441666666666,5.3226,0.296152,179.71715833333334,284.377,59.8449,2.46,20.0,4.0,3.75766
2024-12-13,18.6825,25.205,12.1775,63.85219166666667,100.0,39.8025,0.0,0.0,1.6225339583333334,2.79213,0.518944,166.06988333333334,234.286,85.2792,2.6,23.0,4.0,3.66602
2024-12-14,20.6140625,28.775,13.8675,49.5423875,73.9675,28.0275,0.0,0.0,1.5632385833333335,2.08691,0.115194,174.77784166666666,317.185,29.6302,2.89,28.0,8.0,3.91333
2024-12-15,16.587116666666667,20.515,12.9633,73.1463625,91.4,54.9975,0.0,0.0,2.5011817166666668,4.54567,0.0748683,281.83523958333336,346.968,0.04225,5.31,42.0,11.0,8.2388
2024-12-16,16.145,20.44,12.77,74.60792500000001,90.775,54.21,0.0,0.0,2.0053647166666666,5.58632,0.0886542,260.4859333333333,354.806,10.7615,2.3,23.0,4.0,3.22826
2024-12-17,17.339583333333334,21.7,13.4875,70.24739583333333,90.95,51.58,0.0,0.0,1.8575292916666666,4.36792,0.166362,170.184125,266.494,101.342,3.07,28.0,6.0,4.11918
2024-12-18,18.399166666666666,23.84,12.665,61.60697916666667,88.175,36.855,0.0,0.0,2.05055525,4.7824,0.848362,164.49217083333335,223.425,97.6381,2.61,27.0,5.0,3.85137
2024-12-19,18.0053125,23.88,11.0125,57.210208333333334,85.225,31.345,0.0,0.0,2.8456230833333334,7.33995,0.250726,161.93269166666667,241.242,19.6403,3.56,30.0,4.0,6.34016
2024-12-20,18.5740625,22.9875,14.3775,62.8203125,82.9,45.7775,0.0,0.0,2.10141075,6.18535,0.563863,158.2563625,266.133,94.6715,2.05,18.0,2.0,3.59806
2024-12-21,20.979895833333334,27.015,13.675,61.49271666666667,95.825,38.65,0.0,0.0,1.5371192083333334,3.82429,0.151865,170.0269625,272.039,94.5768,3.06,22.0,4.0,4.71342
2024-12-22,22.092708333333334,30.1875,14.2825,48.92239583333333,77.6675,24.01,0.0,0.0,1.5337136666666666,3.36927,0.327749,158.81589583333331,344.984,37.4732,2.71,27.0,6.0,3.94334
2024-12-23,20.807708333333334,27.0125,13.8125,55.713545833333335,85.875,37.865,0.0,0.0,1.883351875,3.48562,0.39629,151.05921666666669,217.558,77.6206,2.83,25.0,5.0,4.41341
2024-12-24,23.323958333333334,32.925,15.205,40.97770833333333,72.54,14.935,0.0,0.0,2.2174829166666665,3.2408,0.977407,181.888,333.293,120.327,2.98,29.0,4.0,3.87373
2024-12-25,16.354791666666667,21.0975,13.255,76.74875,93.25,56.385,0.0,0.0,3.4460204166666664,5.06149,1.58576,325.9306666666667,336.762,302.861,2.57,34.0,10.0,3.48912
2024-12-26,15.206562499999999,18.9725,12.9725,80.85822916666667,99.4,60.1675,0.0,0.0,2.527439166666667,3.96276,1.26137,292.32589179166666,358.426,0.968723,2.28,15.0,2.0,3.48361
2024-12-27,15.730624999999998,19.715,14.015,80.67771666666667,91.35,63.01,0.0,0.0,2.4404490416666667,4.25571,0.149143,272.03270125,359.086,5.50275,2.93,24.0,8.0,5.46445
2024-12-28,15.800833333333335,19.0025,13.4975,83.13229166666666,94.475,66.7574,0.0,0.0,2.558449875,3.86052,0.180567,295.0645866666667,356.735,2.44182,4.83,27.0,10.0,6.87636
2024-12-29,17.942395833333332,22.97,13.2825,72.56875416666666,95.8,48.935,0.0,0.0,2.1270479166666667,4.29318,0.911954,238.412754375,356.814,0.122005,3.21,40.0,11.0,4.761
2024-12-30,18.3146875,25.78,12.045,67.82405833333333,92.35,33.855,0.0,0.0,2.01483475,4.79387,0.160078,239.30289583333334,338.019,26.3258,2.98,23.0,5.0,5.14975
2024-12-31,18.7815625,24.48,14.2075,51.56479166666667,87.825,24.825,0.0,0.0,1.8671649166666666,3.06113,0.317127,151.67541666666668,247.494,104.503,2.03,24.0,5.0,2.91671
2025-01-01,19.951666666666668,27.5,11.8175,50.10482916666667,83.15,23.1075,0.0,0.0,1.7453597083333332,3.06484,0.422123,166.05522499999998,232.093,97.3824,1.76,20.0,4.0,2.79292
2025-01-02,21.5065625,29.9175,13.6775,47.432291666666664,74.8125,25.675,0.0,0.0,1.3887022374999998,2.67425,0.0354087,160.28339583333334,294.566,17.2455,2.51,25.0,5.0,4.07255
2025-01-03,19.143125,24.535,13.8475,69.38167083333333,94.7,49.485,0.0,0.0,2.5241294583333334,4.42532,0.351929,255.59325,339.074,116.988,4.25,34.0,7.0,6.10103
2025-01-04,15.8103125,20.1825,13.48,86.61521666666665,100.0,63.8575,0.0,0.0,2.691761,4.52284,0.849004,320.3697916666667,346.513,272.259,2.22,15.0,6.0,3.3473
2025-01-05,19.735833333333332,25.8925,13.955,71.8790625,100.0,44.1325,0.0,0.0,2.144832625,4.08014,0.278203,254.09996666666666,340.824,52.8872,4.04,30.0,9.0,5.44922
2025-01-06,16.996908333333334,20.7825,14.155,79.29402916666668,90.95,58.9725,0.0,0.0,2.805462541666667,5.13733,0.225178,287.60103291666667,356.619,3.51362,4.8,29.0,8.0,7.08554
2025-01-07,17.758229166666666,22.45,12.4325,69.57610833333332,92.35,51.1875,0.0,0.0,1.9414994583333334,4.15038,0.1,231.98708333333332,331.445,0.0,3.26,27.0,5.0,6.76467
2025-01-08,19.759062500000002,26.7725,12.8825,62.35646666666667,91.775,39.46,0.0,0.0,1.7340993895833332,5.21594,0.00769735,178.6510625,310.089,51.4425,3.3,24.0,4.0,5.12066
2025-01-09,21.252879166666666,28.5575,15.7625,59.16850416666667,92.9,34.7633,0.0,0.0,1.4277172541666667,2.65756,0.0953941,165.12295,305.931,31.4185,3.09,39.0,7.0,4.32854
2025-01-10,20.844166666666666,29.0225,12.9275,47.571045833333336,86.575,22.52,0.0,0.0,1.5413657625,4.48211,0.0869073,178.89828333333332,287.881,56.6791,3.29,40.0,7.0,4.62548
2025-01-11,22.150279166666667,32.2525,12.8225,48.38194583333333,83.7,23.1975,0.0,0.0,1.12341075,2.3787,0.157078,179.08581666666666,328.315,96.5961,3.17,29.0,5.0,4.43451
2025-01-12,21.941979166666666,29.525,15.135,61.088966666666664,85.95,30.86,0.0,0.0,1.5901441250000001,3.07421,0.144322,240.26365833333332,354.997,18.2912,3.98,24.0,6.0,5.88725
2025-01-13,20.5867375,26.0075,15.2075,51.892533333333326,84.4,29.7225,0.0,0.0,1.5662306000000001,4.64864,0.0912724,178.1841375,308.694,61.0553,2.28,28.0,6.0,3.56868
2025-01-14,18.102604166666666,24.56,11.515,50.15094166666666,70.4275,28.2875,0.010416666666666666,0.25,1.8094210083333333,4.10629,0.0919932,227.51964166666667,334.924,77.844,2.98,30.0,6.0,4.97606
2025-01-15,17.67833333333333,20.9625,15.7825,90.54646666666667,100.0,74.3726,0.14583333333333334,1.0,2.292616916666667,3.46478,0.288666,286.57029166666666,335.557,103.102,2.56,10.0,2.0,4.00236
2025-01-16,19.1946875,24.915,14.2375,59.821045833333336,92.275,41.175,0.0,0.0,1.8185407916666667,5.56424,0.104181,160.55778333333333,244.899,10.2531,2.55,17.0,5.0,4.94362
2025-01-17,18.351458333333333,25.9125,11.615,57.20989583333333,93.525,33.095,0.0,0.0,1.3153579375,3.72184,0.0402563,174.52956666666668,302.329,77.8167,3.01,19.0,3.0,4.89244
2025-01-18,19.732741666666666,28.0875,13.0475,52.309162500000006,84.7667,22.995,0.0,0.0,1.5867707500000001,2.85484,0.462321,175.75020833333335,292.653,113.92,2.22,19.0,4.0,3.69541
2025-01-19,21.464233333333336,30.2825,13.845,52.27247083333333,80.875,22.7325,0.0,0.0,1.9425165833333333,3.02296,0.591452,187.83979166666666,331.041,127.459,2.17,20.0,5.0,3.14594
2025-01-20,19.7625,26.725,12.9225,60.0571875,85.825,30.1125,0.0,0.0,1.2112621333333333,2.93722,0.0990822,195.56093166666668,352.936,6.54752,4.23,27.0,9.0,7.83582
2025-01-21,19.6745125,23.93,15.3925,66.99100833333334,90.575,44.6,0.0,0.0,1.9899279166666668,5.09051,0.062345,190.4764,334.48,31.9353,2.64,19.0,3.0,4.08213
2025-01-22,16.46031904761905,21.615,12.14,68.84595714285715,88.75,48.5675,0.0,0.0,2.0797713,6.46882,0.0890059,260.12380952380954,358.027,14.5611,3.07,21.0,3.0,6.33456
2025-01-23,17.608541666666667,23.6075,13.7375,66.80511249999999,87.925,43.8075,0.0,0.0,2.2389925416666667,7.18091,0.282948,248.68163666666666,352.291,8.94028,2.26,18.0,3.0,3.64725
2025-01-24,19.105658333333334,25.82,12.3375,56.514579166666664,88.2,27.905,0.0,0.0,2.1248920833333336,4.62883,0.211271,160.67865416666666,222.001,68.7915,1.99,23.0,4.0,3.37084
2025-01-25,20.030554166666665,28.665,11.6933,54.7070125,90.15,29.3175,0.0,0.0,1.2553687375,3.43265,0.0576097,163.41395416666666,313.503,20.795,3.77,24.0,5.0,6.26731
2025-01-26,18.770658333333333,23.8925,13.07,65.00118333333333,93.6333,43.8025,0.0,0.0,1.8931007041666668,5.67089,0.0617364,199.75762083333333,352.203,0.0,2.24,15.0,4.0,3.43416
2025-01-27,20.790104166666666,26.1775,16.59,56.83923333333333,94.7,34.0366,0.0,0.0,1.8340549166666664,4.38681,0.309956,187.25812499999998,336.032,104.971,2.03,22.0,5.0,3.09533
2025-01-28,20.759270833333336,30.1625,11.305,46.426808333333334,82.175,21.34,0.0,0.0,1.3777021666666667,2.63895,0.1,148.76620833333334,199.937,0.0,3.14,31.0,9.0,4.6701
2025-01-29,20.80635416666667,28.9,13.775,53.35052083333333,80.8275,22.46,0.0,0.0,1.9821668333333333,3.87207,0.057578,220.58474583333336,336.743,15.6817,3.38,30.0,7.0,4.68682
2025-01-30,17.737291666666668,23.06,12.245,66.56521666666667,91.05,47.3925,0.0,0.0,2.0845199958333334,4.27484,0.0790879,231.1891745833333,339.029,0.0,3.13,25.0,4.0,6.22894
2025-01-31,20.250833333333333,28.15,12.105,65.11760416666667,100.0,39.4575,0.0,0.0,1.3650526666666665,3.4868,0.050956,178.73507916666665,342.211,0.0,2.61,20.0,4.0,4.23636
2025-02-01,19.723020833333333,25.9975,14.03,54.171975,87.975,24.2225,0.0,0.0,1.5907731708333335,4.89512,0.0755861,171.47261666666668,305.379,26.6806,3.43,27.0,9.0,5.75713
2025-02-02,17.898575,24.3,10.3533,62.4,92.8,37.815,0.0,0.0,1.7459162499999998,4.30012,0.14969,182.19729166666664,268.12,117.166,2.23,11.0,2.0,3.31832
2025-02-03,18.611216666666667,24.955,12.5175,60.275312500000005,100.0,30.645,0.0,0.0,1.8251101666666667,6.32285,0.272546,168.92745833333333,240.003,109.055,1.79,18.0,4.0,3.03165
2025-02-04,19.916458333333335,27.34,13.0825,53.41146666666666,82.175,25.4675,0.0,0.0,2.1677882916666666,4.73738,0.360724,201.34460708333333,329.844,4.97657,1.95,23.0,8.0,3.28845
2025-02-05,19.692083333333333,24.29,16.2825,66.25572916666667,87.325,39.275,0.0,0.0,2.328567875,4.28107,0.692558,258.59233333333333,338.921,121.425,2.94,15.0,4.0,4.58128
2025-02-06,21.83125,31.045,14.1175,56.495625,92.525,23.335,0.0,0.0,1.5161609708333332,3.18287,0.0746927,165.18131666666667,344.856,27.4361,2.64,29.0,4.0,3.69767
2025-02-07,21.766008333333332,29.5725,15.6925,53.473525,81.2201,32.32,0.0,0.0,1.6493405416666667,3.29752,0.145074,177.7833875,327.334,95.4713,2.82,39.0,11.0,4.08
2025-02-08,23.359408333333334,33.155,15.025,48.84413333333333,79.79,21.305,0.0,0.0,2.0999512916666667,5.5567,0.1,158.50350833333334,349.009,0.0,3.48,45.0,16.0,4.51541
2025-02-09,22.44395833333333,35.735,15.7225,54.22115,88.4,15.165,0.0,0.0,2.667004041666667,6.70904,0.414657,215.900875,343.552,127.81,2.1,45.0,11.0,3.30518
2025-02-10,21.077916666666667,28.2525,14.5875,58.10333333333333,94.3,30.605,0.0,0.0,1.609610375,3.22742,0.1,147.85316583333335,327.295,0.0,3.49,50.0,20.0,5.48416
2025-02-11,19.823333333333334,25.605,14.5025,40.12552083333333,55.265,18.87,0.0,0.0,2.0849433333333334,3.65966,1.11127,163.1115,221.728,114.747,3.45,60.0,34.0,4.61194
2025-02-12,18.963958333333334,26.5775,12.3125,46.08156666666667,68.4825,22.53,0.0,0.0,1.70853275,2.46268,0.661112,166.476375,207.386,117.928,3.5,53.0,29.0,4.49415
2025-02-13,18.242604166666666,25.215,12.26,57.350629166666664,85.175,31.53,0.0,0.0,1.8468735833333332,3.34361,0.84139,185.641125,324.429,108.667,3.04,40.0,14.0,4.59655
2025-02-14,16.944270833333334,24.57,9.925,64.18052083333333,94.775,39.585,0.0,0.0,1.28578375,2.82955,0.244753,178.26913333333334,306.942,95.7632,3.47,28.0,7.0,5.6048
2025-02-15,17.146908333333332,24.105,11.66,62.701258333333335,87.6,40.8375,0.0,0.0,1.6325609166666668,4.5094,0.1,184.2281416666667,353.088,0.0,4.36,34.0,7.0,6.94429
2025-02-16,18.596458333333334,26.6825,11.9875,57.1624,86.025,29.1025,0.0,0.0,1.5988780833333334,3.2644,0.125509,160.96348333333333,224.706,30.2356,1.99,26.0,6.0,3.0055
2025-02-17,19.66375,27.6275,12.4125,51.95010416666667,84.15,26.93,0.0,0.0,1.5009550833333334,2.72771,0.14592,156.5060125,213.458,53.3423,3.64,30.0,4.0,5.40937
2025-02-18,20.542395833333334,33.3125,12.145,58.5543375,89.5,20.8625,0.0,0.0,1.9950360808333334,4.26661,0.00826254,211.4424875,322.245,31.9757,3.48,46.0,9.0,4.60907
2025-02-19,15.04535,18.23,13.055,83.4441125,93.075,65.8676,0.0,0.0,2.7077990416666666,4.69945,0.488837,303.66325,348.187,263.705,1.12,27.0,7.0,2.05721
2025-02-20,16.279479166666665,20.1575,14.6425,71.60782916666666,86.575,52.5975,0.0,0.0,1.5611217083333333,4.79588,0.118351,222.84073750000002,355.126,56.9398,2.32,13.0,2.0,3.77507
2025-02-21,17.38729208333333,24.2075,9.97501,65.40729166666667,100.0,37.205,0.0,0.0,1.7326949999999999,4.86134,0.110183,195.51331666666667,348.397,97.9596,4.66,24.0,3.0,6.37938
2025-02-22,19.374479166666667,27.315,11.735,65.5490625,99.275,37.67,0.0,0.0,1.5032096083333333,3.6753,0.0585162,162.92434583333335,320.035,16.3111,3.39,18.0,3.0,5.00668
2025-02-23,20.258366666666667,27.1575,13.5775,72.3859125,94.35,46.5825,0.0,0.0,1.6255045,5.52308,0.0361387,173.9297875,354.503,34.5469,2.35,13.0,2.0,3.71251
2025-02-24,21.683854166666666,28.8125,16.2625,62.490004166666665,100.0,30.795,0.0,0.0,1.4743518333333334,2.98266,0.185642,157.58824583333333,213.685,60.2609,2.44,24.0,3.0,3.48648
2025-02-25,19.716554545454546,28.9967,12.8825,56.05310909090909,89.05,25.645,0.0,0.0,1.1594194636363637,2.00408,0.0668912,164.9413590909091,235.268,97.4139,3.990840336134454,26.603932584269664,5.0,6.638624397759104
2025-02-26,20.954929166666666,30.925,12.8825,51.055104166666666,83.6,20.475,0.0,0.0,1.8059181666666666,2.88292,0.183776,168.10720833333332,307.454,112.228,2.2,30.0,6.0,3.26853
2025-02-27,18.72125,26.585,12.5275,70.214375,100.0,35.72,0.0,0.0,1.645283375,3.22875,0.1,266.43565958333335,345.513,0.0,4.73,23.0,4.0,7.59484
2025-02-28,17.1703125,18.0,16.455,99.859375,100.0,96.775,0.13541666666666666,1.0,2.330910625,3.91428,0.721865,309.810875,321.592,298.559,2.5,3.0,2.0,3.86739
2025-03-01,17.682637500000002,20.4,14.1675,87.40896666666667,100.0,69.925,0.0,0.0,1.4644748125,3.6346,0.0801346,249.94775416666667,347.509,0.0,2.27,8.0,2.0,3.8543
2025-03-02,16.73163333333333,21.9075,12.04,80.23055000000001,100.0,47.7775,0.0,0.0,1.7773165291666668,3.50203,0.0974277,287.42822666666666,357.469,2.67953,2.02,9.0,2.0,3.01111
2025-03-03,18.65760416666667,23.75,14.505,74.7349,100.0,43.86,0.0,0.0,1.7212045833333331,4.78049,0.133946,272.14794166666667,345.007,53.4446,2.04,15.0,2.0,3.084
2025-03-04,17.618750000000002,23.405,11.465,75.92666666666666,100.0,45.2875,0.0,0.0,1.2979027375,3.62665,0.0996097,209.490275,357.083,77.8082,4.1,17.0,3.0,7.91028
2025-03-05,18.894166666666667,23.9025,13.9325,79.80666666666666,100.0,50.1275,0.0,0.0,1.7136910375,4.15513,0.0675859,244.28908333333334,351.044,25.451,3.05,14.0,3.0,5.11357
2025-03-06,18.114720833333333,20.8375,15.8175,87.98347916666667,100.0,69.92,0.7708333333333334,10.5,2.9341314166666668,5.23113,0.222391,295.2278875,356.485,29.806,1.31,10.0,2.0,2.24663
2025-03-07,17.2736125,21.1775,12.3,73.54041666666667,100.0,40.3675,0.23958333333333334,2.5,2.371613416666667,4.08086,0.466329,236.7581854166667,334.764,9.89445,3.01,10.0,2.0,4.62767
2025-03-08,17.620625,25.455,11.625,51.91292083333334,89.925,19.6275,0.0,0.0,2.249123583333333,3.83321,0.379826,144.37617500000002,211.595,81.2396,2.83,15.0,4.0,4.58173
2025-03-09,19.4721875,30.8375,10.505,53.80699166666667,99.6,15.865,0.0,0.0,1.8117340000000002,3.05695,0.159826,159.68114166666666,340.768,67.7694,3.37,17.0,3.0,4.91286
2025-03-10,18.910833333333333,26.7725,12.5275,61.5994875,83.525,29.5475,0.0,0.0,1.9064666916666668,5.40794,0.0980723,150.17476083333335,356.192,6.43446,6.11,18.0,3.0,12.1615
2025-03-11,19.68885416666667,29.6625,10.74,45.861670833333335,80.6176,16.895,0.0,0.0,1.7728578958333332,3.23945,0.0929466,170.52653791666668,340.512,9.74181,5.03,24.0,4.0,6.77496
2025-03-12,21.619791666666668,34.1375,12.1825,48.138758333333335,80.6801,8.8875,0.0,0.0,1.453943,2.79795,0.163485,181.4172,350.763,45.3851,9.08,34.0,7.0,14.335
2025-03-13,19.575416666666666,28.3425,13.425,61.79323333333334,91.2,29.8225,0.0,0.0,1.4900835833333332,2.79434,0.1,195.89991666666666,325.2,0.0,8.23,37.0,8.0,11.0718
2025-03-14,14.405520833333334,17.2825,12.0,81.85395833333332,100.0,63.0,0.0,0.0,1.9981169583333331,4.08984,0.113959,283.6681745833333,359.482,8.53609,6.76,36.0,11.0,9.73718
2025-03-15,14.667362500000001,18.8875,10.55,75.43813333333334,95.5,58.205,0.0,0.0,0.9483045250000001,2.09899,0.0623226,174.4009583333333,288.625,36.5835,3.22,23.0,8.0,4.30044
2025-03-16,17.010729166666668,23.94,11.2325,67.65271249999999,100.0,42.46,0.0,0.0,1.1555399583333335,2.47249,0.113394,166.16404166666666,317.408,49.7017,3.13,25.0,8.0,4.35115
2025-03-17,18.214791666666667,26.725,10.2075,61.559379166666666,91.975,31.955,0.0,0.0,1.4483317083333336,2.67091,0.158833,144.82727500000001,194.573,80.0406,4.75,26.0,6.0,7.79998
2025-03-18,19.634375000000002,30.445,11.4425,57.444066666666664,89.5,25.32,0.0,0.0,1.3414819583333333,2.06535,0.167876,186.18783333333332,343.695,98.7162,4.66,25.0,6.0,6.29426
2025-03-19,17.966354166666665,28.1875,11.44,68.1577125,100.0,23.61,0.0,0.0,1.4347683333333334,3.34829,0.1,246.48462500000002,359.858,0.0,7.12,34.0,9.0,9.96519
2025-03-20,19.088333333333335,26.615,11.765,70.08885416666666,98.7,43.535,0.0,0.0,1.5700887000000001,4.40173,0.0976208,136.13068958333335,346.13,0.0,6.49,22.0,5.0,13.1143
2025-03-21,19.245033333333335,25.51,14.72,69.35621666666667,99.85,41.4025,0.0,0.0,1.4572172916666666,3.545,0.12207,161.05481666666665,277.759,96.5376,5.28,15.0,2.0,10.6139
2025-03-22,16.758333333333333,23.8875,11.7275,66.47188333333334,100.0,36.3325,0.0,0.0,1.058704375,3.1113,0.1,128.77712916666667,260.786,0.0,6.27,25.0,6.0,10.8654
2025-03-23,18.542917083333332,26.39,9.63251,42.66833333333333,99.175,16.1675,0.0,0.0,2.9657508333333333,4.9726,0.219905,118.72931666666666,155.517,48.6656,2.76,62.0,10.0,3.95802
2025-03-24,18.191458333333333,26.8375,12.265,44.441875,89.525,18.15,0.0,0.0,2.3494126666666664,3.69117,0.1,199.58091249999998,335.869,0.0,6.64,96.0,56.0,7.62379
2025-03-25,14.0771875,18.7175,9.63,84.51906666666666,99.25,61.285,0.0,0.0,2.5460111,4.54389,0.0999984,237.1719895,320.475,0.0,4.67,54.0,20.0,9.54683
2025-03-26,16.381875,21.415,12.5725,75.48885833333334,92.575,45.505,0.0,0.0,1.5475137083333335,2.72045,0.136817,283.8809645833333,337.448,5.94815,3.13,46.0,23.0,4.07318
2025-03-27,14.849270833333334,19.14,10.95,84.66947916666668,100.0,61.615,0.0,0.0,1.41909965,3.7711,0.0992146,282.08598916666665,349.404,4.13058,5.48,25.0,10.0,8.89494
2025-03-28,16.779966666666667,21.11,12.735,78.62100833333334,100.0,51.22,0.0,0.0,1.1586916666666667,2.08198,0.1,239.8032916666667,322.665,0.0,3.46,16.0,3.0,5.94483
2025-03-29,14.240104166666667,17.4225,12.025,93.87073333333332,100.0,71.9425,1.4895833333333333,9.75,2.909191625,5.70435,0.501688,293.6090525,351.169,3.54868,2.48,7.0,2.0,3.42775
2025-03-30,14.218541666666667,18.4975,10.525,70.5026125,97.3,48.5275,0.0,0.0,2.1066900416666665,4.84925,0.171367,158.80467083333335,217.459,77.1074,2.01,17.0,5.0,3.04983
2025-03-31,13.287948333333333,20.8475,7.58075,74.06166666666667,100.0,36.39,0.0,0.0,1.8136374166666667,4.04859,0.1,136.94408333333334,212.434,0.0,4.33,15.0,8.0,8.68358
2025-04-01,12.352375,20.24,7.03175,77.21552083333333,100.0,40.765,0.0,0.0,0.721840925,2.53131,0.0559272,157.5307625,288.606,0.0,5.45,14.0,7.0,9.37973
2025-04-02,12.848572916666667,18.2775,7.817,78.51761666666667,100.0,50.0425,0.0,0.0,1.0551467083333332,2.91155,0.126038,178.96549166666668,287.032,96.5188,4.16,11.0,5.0,7.52387
2025-04-03,17.167395833333334,27.03,10.93,64.23792083333333,100.0,22.4425,0.0,0.0,1.6257385833333335,2.65525,0.340335,158.24604166666668,202.566,118.762,3.3,13.0,5.0,4.70689
2025-04-04,16.914270833333333,27.4275,11.57,61.04469583333333,100.0,22.0875,0.0,0.0,2.26597675,3.60445,0.774612,231.489375,338.318,152.889,4.28,19.0,6.0,5.60308
2025-04-05,15.207500000000001,18.7025,12.5125,79.39333333333333,93.275,59.1575,0.0,0.0,2.2243524166666666,3.75483,0.183134,316.8304166666667,357.225,292.627,1.76,21.0,7.0,2.73819
2025-04-06,14.4159375,17.9975,10.875,81.383025,99.125,54.5425,0.0,0.0,1.0016419583333334,2.43583,0.1,198.47620833333335,336.596,0.0,2.89,20.0,10.0,5.08956
2025-04-07,14.9116675,23.84,9.03,82.45812916666667,100.0,44.2325,0.10869565217391304,2.5,1.2253649416666665,2.21286,0.0614806,129.83678749999999,188.11,0.0,4.47,29.0,16.0,8.08723
2025-04-08,14.411666666666667,19.325,11.9625,87.28958333333333,100.0,61.825,0.0,0.0,1.0982875416666666,3.99352,0.127427,219.95378166666669,355.467,7.90086,7.46,37.0,19.0,11.6205
2025-04-09,14.410729166666668,18.74,10.54,82.56197916666666,100.0,56.22,0.4583333333333333,9.0,1.7478064083333333,3.53608,0.0999258,247.40027916666668,358.726,0.0,5.6,24.0,6.0,12.399
2025-04-10,13.970104166666667,16.8875,9.7225,78.4920875,100.0,45.1275,0.6875,5.5,1.8546501583333332,3.47204,0.0582508,267.3701208333333,346.614,78.8149,2.91,15.0,6.0,4.43917
2025-04-11,11.9808975,17.825,7.1025,81.6629875,100.0,49.0425,0.0,0.0,1.2496209166666665,3.21573,0.109965,170.95754583333334,255.451,59.5605,3.63,15.0,9.0,6.02108
2025-04-12,13.133165833333335,20.8725,7.6815,75.40395833333334,100.0,34.6425,0.0,0.0,1.5628290833333336,3.03569,0.224024,151.22085833333333,204.238,91.0406,3.35,20.0,13.0,6.71661
2025-04-13,11.519187083333334,16.87,6.98775,86.48656249999999,100.0,58.5525,0.0,0.0,0.9535065416666666,2.51895,0.300153,205.91845291666667,325.109,1.31517,3.37,23.0,16.0,5.20369
2025-04-14,13.520729166666667,16.115,11.6025,94.78875,100.0,77.6575,0.5416666666666666,3.25,2.058430083333333,3.41546,0.124547,310.160125,337.018,132.424,4.58,15.0,7.0,5.56898
2025-04-15,13.254687500000001,18.535,10.4525,84.99802083333334,100.0,52.7775,0.07291666666666667,0.75,1.1795816666666668,2.34468,0.271589,213.4001125,349.642,94.0647,3.68,19.0,12.0,6.1074
2025-04-16,12.708541666666667,17.1775,10.2275,91.68635833333333,100.0,74.0625,0.20833333333333334,1.5,0.488386,1.39959,0.0766,179.0469208333333,334.301,0.0,6.45,23.0,14.0,8.47954
2025-04-17,14.3565625,19.86,9.5275,70.98791666666666,100.0,41.6725,0.0,0.0,1.8558909583333334,3.95046,0.757508,149.60221666666666,210.939,89.7682,2.82,15.0,8.0,4.3806
2025-04-18,13.724552083333334,22.395,6.78875,65.3895875,92.925,30.49,0.0,0.0,1.3332573749999999,2.64874,0.118776,154.09206666666668,298.349,71.5226,3.79,19.0,13.0,5.48356
2025-04-19,12.576270416666667,19.91,7.7135,84.01270833333334,100.0,44.335,0.0,0.0,1.120183,2.17685,0.215776,205.49116666666666,345.279,82.925,4.97,38.0,27.0,9.71896
2025-04-20,11.24622875,14.9375,8.22775,92.18833333333333,100.0,76.405,0.0,0.0,1.4768689333333336,3.81949,0.0131406,251.78563333333332,357.039,15.4812,6.1,37.0,27.0,9.07494
2025-04-21,13.567916666666667,15.1125,12.1475,96.6375,100.0,82.7,0.25,1.75,2.2554695833333334,2.9874,1.15173,311.5605,349.533,293.699,5.77,17.0,10.0,7.22007
2025-04-22,15.336458333333333,15.9375,14.9025,100.0,100.0,100.0,1.5520833333333333,5.75,2.718722916666667,4.07555,1.16684,311.7152916666667,333.909,298.596,4.65,8.0,5.0,5.69441
2025-04-23,16.7003125,19.58,15.275,93.49656666666665,100.0,73.9225,0.13541666666666666,1.75,1.0599440333333334,2.27754,0.0854348,209.6394875,340.944,0.0,5.26,14.0,8.0,7.9891
2025-04-24,14.942291666666668,15.8775,13.6175,96.43229166666667,100.0,85.675,1.4791666666666667,11.0,3.1917999375000004,6.89177,0.068424,306.678375,347.984,0.0,2.3,10.0,3.0,4.89327
2025-04-25,12.753333750000001,15.305,8.60001,87.43010416666668,100.0,63.2275,0.1875,1.25,1.9890132083333334,3.65122,0.323039,268.388875,337.007,105.932,4.1,14.0,17.0,7.34488
2025-04-26,11.140738749999999,17.4975,6.10025,83.02583333333332,100.0,44.625,0.0,0.0,1.5239563458333334,3.70914,0.053424,156.40177916666667,348.55,15.7717,3.6,38.0,27.0,7.44329
2025-04-27,12.994781666666666,20.975,7.43975,78.93604166666667,100.0,40.8325,0.0,0.0,1.7234022500000001,3.09899,0.577844,148.71025,198.798,115.396,1.37,24.0,16.0,2.44887
2025-04-28,12.701333333333332,20.6125,7.72125,84.64229583333334,100.0,49.765,0.0,0.0,1.5561967083333332,2.54006,0.162609,148.1216875,236.574,77.9122,4.49,34.0,21.0,8.25887
2025-04-29,10.39978125,13.1925,8.03725,90.92563333333334,100.0,72.2275,0.0,0.0,0.5444342458333333,1.09832,0.0412562,119.99030416666666,315.31,0.0,6.06,71.0,60.0,15.3261
2025-04-30,11.022948333333332,14.735,7.19125,87.01531666666666,100.0,69.63,0.17708333333333334,3.0,1.8233544820833334,3.67401,0.00431157,229.76645833333336,317.057,110.196,2.56,28.0,20.0,4.34931
2025-05-01,12.04302125,15.38,8.56,89.23822916666667,100.0,61.5525,0.2916666666666667,2.5,1.2367976833333334,4.40912,0.0117606,223.00189583333335,327.064,55.1309,3.93,44.0,35.0,7.27561
2025-05-02,10.59503125,16.835,6.0005,85.5752125,100.0,51.485,0.020833333333333332,0.25,1.3325409875,2.36607,0.0870937,170.45817916666667,310.951,80.4983,4.08,37.0,28.0,6.80703
2025-05-03,11.61364625,14.315,8.675,95.95322499999999,100.0,81.4449,0.19791666666666666,2.0,1.215404625,3.41554,0.1,199.35882916666665,357.422,0.0,6.12,43.0,31.0,9.34351
2025-05-04,12.2519175,17.6425,8.076,82.0990625,100.0,49.2,0.0,0.0,1.3999989583333334,2.3762,0.697998,157.94459583333332,239.661,63.4883,2.64,24.0,15.0,3.76062
2025-05-05,8.963261363636365,15.7975,4.752,86.5707909090909,100.0,42.9675,0.045454545454545456,1.0,0.97640805,2.44614,0.0992891,182.1705727272727,356.826,24.0547,5.52,50.0,41.0,13.4051
2025-05-06,11.143909166666667,13.2725,7.6435,99.34791666666666,100.0,92.6,0.0,0.0,1.7612463666666667,3.79947,0.0798568,258.8068916666667,334.739,35.3452,4.27,39.0,31.0,7.69814
2025-05-07,12.164341666666667,13.1575,10.1525,98.53854166666667,100.0,84.45,0.0,0.0,1.2627053750000001,3.06645,0.195623,279.90614999999997,355.127,81.7766,6.0,39.0,32.0,9.61288
2025-05-08,12.307969565217391,15.0033,10.2175,96.30253478260869,100.0,81.1333,0.0,0.0,2.136341304347826,3.75714,1.23258,225.53873913043478,329.949,152.426,2.02,19.0,12.0,3.05542
2025-05-09,13.448295238095238,16.1667,10.6025,96.29539523809524,100.0,79.7533,0.0,0.0,1.9125225095238094,2.90981,0.0211367,266.5670476190476,320.207,99.908,4.63,24.0,13.0,8.01407
2025-05-10,13.873437916666667,22.9425,8.80251,86.91489583333333,100.0,44.2025,0.0,0.0,1.5548996791666667,3.09923,0.0661523,134.907975,327.143,0.0,5.65,45.0,36.0,14.2535
2025-05-11,12.523854166666666,14.5475,10.2,93.16375,100.0,80.63,0.0,0.0,1.1351910833333332,1.89414,0.168994,230.22625000000002,359.902,109.466,5.29,24.0,20.0,8.88049
2025-05-12,13.204687916666666,19.4925,9.3775,84.670625,100.0,51.305,0.0,0.0,0.40162834583333334,1.89102,0.0550163,175.95704583333335,326.273,0.0,8.12,51.0,38.0,24.427
2025-05-13,12.054937916666667,16.5075,8.04601,94.56978333333332,100.0,74.5925,0.010416666666666666,0.25,1.1670686208333334,2.63056,0.0790229,222.18244166666668,354.306,57.996,8.55,40.0,31.0,15.4943
2025-05-14,14.228541666666667,18.165,10.8125,82.66594583333334,100.0,55.77,0.010416666666666666,0.25,0.9149706666666667,2.09017,0.1,158.67504166666666,336.296,0.0,5.82,31.0,21.0,8.45889
2025-05-15,11.340532083333335,16.9675,7.44775,91.46667083333334,100.0,61.305,0.0,0.0,0.910148125,2.23201,0.10404,203.67587500000002,322.333,116.769,4.5,42.0,34.0,8.22649
2025-05-16,12.5725,14.8875,10.38,93.5365625,100.0,75.1,0.25,4.75,2.4825945375000003,5.7642,0.0397869,250.27083333333334,336.385,123.052,3.88,14.0,9.0,5.88787
2025-05-17,12.092862916666666,15.4425,7.61,87.21979166666667,100.0,56.3325,2.03125,15.75,2.8169963625,8.01775,0.0749407,252.66504999999998,338.533,53.5102,3.47,38.0,27.0,7.09883
2025-05-18,8.50396875,12.71,5.71875,91.4745875,100.0,63.35,0.0,0.0,1.0317244458333332,2.07689,0.0989407,166.58218333333335,355.21,63.9242,6.0,70.0,61.0,14.2312
2025-05-19,8.958364999999999,15.4475,4.32725,81.761775,100.0,43.9,0.0,0.0,1.7807750833333333,2.51217,0.649611,143.44380833333332,171.62,83.2434,4.12,30.0,26.0,7.81349
2025-05-20,10.77775125,15.3725,8.00349,74.78281249999999,90.625,44.7675,0.0,0.0,1.2265289916666666,2.08,0.0117258,196.4415,333.775,138.326,6.44,32.0,20.0,10.4788
2025-05-21,11.91995875,17.6175,7.793,80.73312916666667,100.0,45.76,0.041666666666666664,0.75,1.5470368333333333,2.28285,0.116136,179.5635875,326.57,46.8251,4.73,37.0,30.0,8.26871
2025-05-22,8.79482375,12.7425,4.6075,87.33698333333332,100.0,61.4925,0.0,0.0,1.446603625,2.41974,0.448335,143.74294166666667,192.466,96.3286,6.61,48.0,41.0,11.4066
2025-05-23,8.331428333333333,12.745,6.26675,96.20166666666667,100.0,71.465,0.07291666666666667,1.0,1.154213375,2.0847,0.171491,142.886625,176.529,108.694,7.01,55.0,48.0,14.6136
2025-05-24,9.559864583333333,16.015,6.662,92.0966625,100.0,64.1375,0.0,0.0,1.0603753208333333,1.87426,0.0227612,190.4893,355.975,86.2312,5.63,50.0,42.0,9.78763
2025-05-25,10.543864583333333,13.4125,6.36875,99.01666666666667,100.0,90.7,0.8020833333333334,11.25,2.9473165,5.83459,0.382669,250.61271250000001,321.796,94.4481,3.03,22.0,16.0,5.04357
2025-05-26,11.357093749999999,14.38,6.3395,85.17041666666667,100.0,62.7275,0.041666666666666664,0.5,1.2456667916666666,3.6808,0.030417,257.7040416666667,359.366,95.257,6.04,36.0,27.0,9.90643
2025-05-27,7.090083750000001,14.04,3.1305,86.96448333333332,100.0,46.9975,0.010416666666666666,0.25,1.1157937083333334,2.06704,0.117825,155.9382125,319.065,91.8951,5.95,37.0,31.0,9.55988
2025-05-28,8.193489166666668,15.4275,2.4105,78.89875416666666,100.0,47.4425,0.0,0.0,1.8265537083333332,2.40158,0.934301,148.24625,173.358,115.159,5.11,25.0,16.0,9.06921
2025-05-29,11.128729166666666,19.55,4.58275,81.0441625,100.0,52.975,0.0,0.0,1.1938305,3.05275,0.128655,142.64124166666667,261.462,12.7106,7.98,59.0,45.0,17.8399
2025-05-30,11.322719999999999,16.4225,7.043,78.7715625,100.0,51.12,0.0,0.0,1.7253448333333334,2.62124,0.857256,139.3118625,174.098,87.0647,5.34,32.0,21.0,8.92056
2025-05-31,7.863864583333334,15.245,2.3035,78.4663625,100.0,46.3975,0.0,0.0,2.0055650000000003,2.57402,1.11916,148.62070833333334,178.833,114.009,4.01,25.0,17.0,7.69547
2025-06-01,9.225833333333334,15.79,4.3055,78.98552916666667,100.0,43.4275,0.0,0.0,1.0877153333333334,2.18889,0.0318505,183.25995,335.756,20.7408,7.47,60.0,46.0,13.3014
2025-06-02,10.441770833333333,14.0125,8.28999,90.96364999999999,100.0,71.09,0.0,0.0,1.0024345,1.94575,0.165883,195.04145833333334,347.636,112.671,10.21,71.0,54.0,22.7482
2025-06-03,9.882760416666667,11.8575,7.35325,98.45520833333335,100.0,91.475,0.0,0.0,0.5445910291666667,1.85875,0.0425222,163.21158333333332,320.973,56.4408,10.71,85.0,70.0,23.3046
2025-06-04,11.48833375,17.9375,8.22002,90.7664625,100.0,56.945,0.010416666666666666,0.25,0.8844397541666668,1.65978,0.0503031,180.495,356.379,100.359,5.95,54.0,41.0,12.9154
2025-06-05,10.966937916666666,17.9925,7.103,88.52896249999999,100.0,49.3725,0.0,0.0,1.5304048541666668,2.70678,0.0692095,165.221625,312.553,111.043,6.02,60.0,55.0,10.8993
2025-06-06,8.210937916666667,11.285,3.91875,90.24322916666667,100.0,74.5575,0.010416666666666666,0.25,1.8163043749999999,3.19417,0.283263,232.26466666666667,350.59,130.584,5.57,35.0,27.0,10.0535
2025-06-07,10.576000416666666,13.455,7.659,84.19843333333334,100.0,67.1575,0.0,0.0,0.9217164208333334,1.63049,0.0935341,165.17058333333333,204.574,116.252,5.41,62.0,50.0,8.61198
2025-06-08,8.251927083333333,15.4675,4.506,92.01354166666665,100.0,53.215,0.010416666666666666,0.25,0.904741675,1.82216,0.0311609,162.86849583333333,344.228,30.0529,5.27,49.0,42.0,9.23119
2025-06-09,8.244032500000001,14.9075,4.22575,91.33749999999999,100.0,62.8925,0.0,0.0,1.1974136666666666,2.35485,0.216381,158.97179166666666,295.241,106.724,7.86,60.0,47.0,14.9589
2025-06-10,8.704718333333334,16.1525,4.11575,90.19177083333334,100.0,53.475,0.010416666666666666,0.25,1.2553392,2.53155,0.0727448,196.92737499999998,315.007,117.648,6.73,40.0,35.0,12.7346
2025-06-11,12.154479166666667,14.38,10.4,78.79041666666667,100.0,63.305,0.7395833333333334,6.5,3.5194654166666663,4.61714,2.75702,238.47364166666668,354.271,13.9116,2.92,26.603932584269664,14.0,4.65534
2025-06-12,10.318125833333333,11.83,9.14751,98.06458333333335,100.0,85.825,1.1145833333333333,5.0,1.2894002083333334,2.87177,0.127657,308.6066666666666,348.851,165.979,8.2,27.0,16.0,11.8456
2025-06-13,8.17527125,12.095,6.063,95.2583375,100.0,76.2125,0.08333333333333333,1.25,1.0406327125,2.32318,0.0849741,174.95875,344.066,0.0,5.62,35.0,28.0,9.09711
2025-06-14,8.95718875,12.245,5.4815,95.64131666666667,100.0,86.125,2.1875,7.75,4.391198458333333,8.77119,0.507452,245.550625,344.077,130.771,2.8,21.0,15.0,4.83916
2025-06-15,12.219341666666667,13.8425,10.135,94.79927083333332,100.0,76.2625,2.15625,17.75,2.312088333333333,8.55341,0.112388,296.13719625,349.765,8.98631,3.89,37.0,19.0,5.36882
2025-06-16,10.076875,12.2375,8.23,97.54062499999999,100.0,84.6,0.8229166666666666,5.25,1.2167706624999999,3.43107,0.0805949,230.4148625,346.881,0.0,6.89,31.0,23.0,9.43346
2025-06-17,10.413198750000001,15.2675,6.9225,91.14041250000001,100.0,58.365,0.0625,0.75,0.8373172916666666,1.92514,0.1,155.65241666666665,343.984,0.0,6.93,40.0,30.0,12.7642
2025-06-18,8.100719166666666,14.0875,5.40325,91.62864583333334,100.0,63.2675,0.0,0.0,1.3107045,2.13519,0.383133,139.99641666666668,195.935,110.653,6.51,51.0,39.0,12.7317
2025-06-19,7.366270833333334,12.9325,5.0645,93.59979166666666,100.0,63.2575,0.0,0.0,0.8453185833333333,1.77549,0.108797,161.21941666666666,285.923,88.5425,6.4,45.0,36.0,12.539
2025-06-20,8.311949166666666,13.4925,4.36525,95.06698333333333,100.0,81.7526,0.010416666666666666,0.25,1.1047147083333333,1.76309,0.469421,181.591625,354.941,109.703,6.39,36.0,27.0,10.648
2025-06-21,10.052750416666667,12.9175,7.498,91.55615,100.0,69.63,1.7604166666666667,14.75,2.0178996458333334,5.3471,0.0504495,263.15265,355.603,81.0195,6.19,22.0,14.0,9.63243
2025-06-22,9.221175833333334,11.95,4.3515,80.127325,100.0,43.7333,0.010416666666666666,0.25,1.3996093291666665,3.71263,0.0471349,138.97769583333334,337.685,94.5247,5.22,57.0,43.0,10.1385
2025-06-23,5.8316775000000005,12.69,1.75675,86.89489166666668,100.0,51.86,0.0,0.0,1.3514304583333334,2.3656,0.127451,144.82370833333331,206.801,100.443,7.28,51.0,42.0,12.0298
2025-06-24,6.786198333333334,14.265,1.90075,93.27375,100.0,65.8101,0.020833333333333332,0.5,0.9349478750000001,1.64019,0.251625,174.1929041666667,334.481,83.0896,8.49,45.0,36.0,12.109
2025-06-25,6.052384583333333,11.7625,2.62275,86.95698333333333,100.0,53.135,0.010416666666666666,0.25,1.5462451666666668,3.80385,0.377701,146.76802916666665,205.721,94.3427,7.19,49.0,38.0,11.1105
2025-06-26,5.917343750000001,11.7575,1.39925,92.29687083333333,100.0,63.9775,0.010416666666666666,0.25,0.9157879666666666,2.14951,0.0443867,183.11530000000002,308.456,68.2092,6.93,44.0,35.0,11.7033
2025-06-27,7.5686245833333325,13.5425,5.31575,91.63823333333333,100.0,59.4625,0.0,0.0,0.88857105,1.73829,0.0600262,143.857325,317.661,70.891,8.31,60.0,52.0,14.4802
2025-06-28,5.727583333333333,12.31,2.37475,92.0359375,100.0,58.4825,0.0,0.0,1.0665153125,1.65432,0.0954194,161.61070833333335,260.615,104.335,6.5,42.0,36.0,11.2929
2025-06-29,4.8271975,11.4325,0.45475,72.56457916666666,100.0,28.995,0.0,0.0,2.0547445833333335,3.55988,1.36082,138.48304166666665,170.567,112.133,3.16,24.0,19.0,5.1905
2025-06-30,4.4022704125,10.47,0.0767499,62.856362499999996,80.095,38.42,0.0,0.0,1.857971375,2.86839,0.465643,140.22709583333332,186.098,88.2563,5.55,30.0,24.0,8.62209
2025-07-01,6.218895416666666,11.5375,2.89025,74.75260416666667,94.175,44.235,0.0,0.0,1.2832941666666666,2.06837,0.400403,141.2700125,178.373,78.2413,7.84,52.0,42.0,12.8703
2025-07-02,6.966542083333334,15.5775,2.4165,80.1513625,100.0,41.5675,0.0,0.0,1.5782383333333332,2.96927,0.132077,134.98081666666667,201.034,69.6736,7.93,64.0,53.0,13.1413
2025-07-03,7.593740416666667,14.8675,3.21475,87.48135833333333,100.0,52.535,0.0,0.0,1.4778775833333333,2.50166,0.735625,143.76229166666667,173.609,110.881,7.62,65.0,53.0,13.9621
2025-07-04,8.839083333333333,16.1375,4.5275,86.901875,100.0,54.875,0.0,0.0,1.8812979166666668,3.11122,0.253535,144.89115416666667,350.992,87.8872,8.76,74.0,61.0,16.9231
2025-07-05,11.590520833333334,13.6,9.5,87.57677083333334,100.0,76.7225,0.3541666666666667,4.0,2.397782916666667,4.18836,0.209859,255.36856333333333,356.824,1.89233,3.03,36.0,21.0,4.61523
2025-07-06,12.824375000000002,13.495,11.9725,98.42916666666667,100.0,88.575,1.6458333333333333,6.0,4.335184583333334,5.80248,1.73929,320.84625,340.43,296.441,1.96,16.0,6.0,3.48416
2025-07-07,11.804897083333332,13.7475,9.51752,95.99479166666667,100.0,82.275,0.03125,0.25,0.7414542208333333,2.34058,0.0499921,130.45129083333333,352.3,0.0,6.69,39.0,27.0,10.8558
2025-07-08,10.909385833333333,16.4875,6.629,86.8665625,100.0,56.6575,0.0,0.0,0.8491111208333333,1.3698,0.0984459,139.46101666666667,206.861,0.0,4.91,39.0,27.0,7.98049
2025-07-09,6.9593645833333335,13.955,2.81,89.44188333333334,100.0,56.275,0.010416666666666666,0.25,0.9206085416666667,1.7844,0.29938,141.40425833333333,193.513,74.3628,6.17,68.0,55.0,13.5907
2025-07-10,6.507146250000001,14.68,1.48,88.80916666666667,100.0,48.055,0.0,0.0,0.8180283333333334,1.38518,0.045769,153.06545833333334,303.205,11.5431,7.1,55.0,43.0,13.9827
2025-07-11,8.377427083333332,16.49,3.274,87.31833333333333,100.0,49.875,0.010416666666666666,0.25,1.4275172083333334,2.99099,0.245379,137.24104166666666,177.665,109.858,6.83,44.0,32.0,10.7493
2025-07-12,9.461197499999999,15.9275,6.26625,87.88520833333332,100.0,57.915,0.0,0.0,1.1740727499999999,2.22893,0.275495,147.4523333333333,194.48,101.009,3.71,32.0,22.0,5.8674
2025-07-13,9.064072083333334,11.9625,7.97275,87.2872,100.0,68.2175,0.0,0.0,1.126653625,1.89559,0.274988,196.38783333333333,344.635,129.632,3.03,26.0,16.0,4.6163
2025-07-14,9.63163625,12.885,7.58175,81.36396666666667,90.175,65.7875,0.0,0.0,1.224984,2.69084,0.708636,225.600875,338.568,141.042,4.35,34.0,24.0,6.19204
2025-07-15,10.132729583333333,13.345,5.71775,82.72792083333333,100.0,55.79,0.3020833333333333,3.0,1.885322125,4.36577,0.275559,213.83675000000002,339.11,104.638,6.09,35.0,29.0,10.7533
2025-07-16,7.594729166666667,15.765,2.1695,80.55030833333333,100.0,31.735,0.010416666666666666,0.25,1.7840760416666666,2.79125,0.732035,136.03004166666668,165.682,101.411,5.21,32.0,29.0,7.6041
2025-07-17,8.795448333333335,16.77,3.7795,80.24374999999999,100.0,42.5525,0.0,0.0,1.7843075416666665,2.87915,0.105093,144.958275,290.17,83.6346,6.72,39.0,33.0,11.4406
2025-07-18,10.410240416666666,16.0425,4.413,84.54875,100.0,60.58,0.0,0.0,1.1763492500000001,2.47576,0.127877,144.39437083333334,254.317,99.5479,6.5,31.0,27.0,9.63972
2025-07-19,9.831093333333333,16.6375,6.02375,93.092825,100.0,66.3776,0.0,0.0,1.0354166625,1.70818,0.0601409,147.749625,342.784,108.756,5.9,49.0,45.0,10.7611
2025-07-20,10.141897083333333,15.135,7.63775,92.06552083333334,100.0,67.77,0.0,0.0,1.1042632916666666,2.00798,0.1,149.68059133333333,323.414,0.0,5.73,50.0,46.0,10.1017
2025-07-21,10.585729166666667,11.53,8.705,99.95416666666667,100.0,99.375,0.3020833333333333,1.75,2.0361975833333332,3.44314,0.128659,271.5023820833333,352.97,7.19897,6.95,34.0,29.0,11.1075
2025-07-22,10.794687083333335,16.7075,7.4355,88.0402125,100.0,59.21,0.0,0.0,1.6828251666666665,2.66891,0.300252,151.377375,174.204,109.888,3.79,24.0,20.0,6.98868
2025-07-23,8.592697916666667,12.79,5.511,92.40270833333334,100.0,72.7025,0.0,0.0,1.599935875,3.18324,0.456766,231.88862500000002,357.394,130.328,6.89,31.0,27.0,11.0603
2025-07-24,9.98994875,12.2975,6.8695,95.85520833333334,100.0,81.45,0.7708333333333334,6.0,3.0082245000000003,5.41206,0.321699,286.33937499999996,328.691,134.897,3.64,19.0,16.0,5.27398
2025-07-25,11.931979166666666,12.7925,10.9925,98.77083333333333,100.0,92.25,0.7291666666666666,3.0,3.5183365416666668,5.42213,0.464471,319.51225,335.546,295.86,3.06,18.0,10.0,4.98701
2025-07-26,11.084583333333333,12.98,9.9425,96.20208333333333,100.0,82.75,0.0,0.0,1.2055516875,2.54347,0.0993245,227.83512499999998,356.167,130.252,4.12,22.0,19.0,6.07629
2025-07-27,11.785104166666665,12.935,10.86,95.93645833333333,100.0,86.55,1.5104166666666667,6.25,2.9493329166666666,3.95694,1.8275,320.77408333333335,347.62,301.578,1.67,9.0,7.0,3.62209
2025-07-28,12.2365625,12.97,11.5575,99.66458333333333,100.0,96.175,0.3958333333333333,2.75,2.867092733333333,5.23286,0.0442746,263.7766375,331.115,28.1205,5.71,28.0,25.0,8.47087
2025-07-29,12.841770833333333,15.995,10.6925,91.1090625,100.0,74.46,0.010416666666666666,0.25,1.4171284999999998,4.10002,0.199619,181.742125,313.897,114.249,5.74,23.0,19.0,9.80698
2025-07-30,12.706666666666665,13.525,11.865,97.02291666666667,100.0,84.6,2.6979166666666665,8.25,4.277403333333333,5.66775,2.67244,314.58295833333335,338.521,301.176,1.8,6.0,5.0,3.5223
2025-07-31,13.276770833333332,15.1325,11.61,87.65302083333334,98.375,79.3975,0.6458333333333334,4.25,5.110383333333333,6.65654,3.26276,330.10841666666664,342.466,314.667,1.39,14.0,7.0,3.25133
2025-08-01,11.822708333333333,12.9475,10.005,93.9875,100.0,86.675,1.6145833333333333,8.0,3.7243141666666664,4.8396,1.76915,323.9479166666667,340.909,295.867,2.86,15.0,9.0,5.01215
2025-08-02,9.438812916666667,12.29,6.025,85.19312083333334,100.0,58.46,0.07291666666666667,1.0,1.37998375,3.4434,0.137169,253.18864583333334,352.215,28.1025,3.42,26.0,23.0,6.58037
2025-08-03,7.152614583333334,11.1,4.08675,91.26833333333333,100.0,67.5775,0.0,0.0,1.4126502500000002,1.93596,0.46382,140.69754583333335,173.5,92.4166,3.98,42.0,38.0,7.70755
2025-08-04,10.251542916666667,19.355,5.0595,74.90000416666666,99.0,24.32,0.0,0.0,1.4013286625,2.58883,0.067488,154.74494083333335,352.721,6.53508,6.04,31.0,24.0,10.3293
2025-08-05,11.19675,15.96,7.53075,94.15207916666667,100.0,70.8325,0.0,0.0,0.9167867416666667,1.94377,0.0687588,233.2195416666667,326.062,66.7456,8.39,46.0,42.0,15.3392
2025-08-06,13.2278125,19.4875,9.58,86.73365,100.0,47.575,0.0,0.0,0.9746167916666666,2.16673,0.114035,126.95042666666666,204.297,2.95394,6.37,38.0,32.0,11.2775
2025-08-07,10.835947916666667,20.5725,5.64825,80.38833333333334,100.0,32.68,0.0,0.0,1.6229668333333336,2.56068,0.255592,149.42333333333332,285.44,127.3,5.45,29.0,26.0,8.39217
2025-08-08,11.09265625,20.565,5.877,78.20594166666667,100.0,35.9475,0.0,0.0,1.895781875,2.70886,0.464683,198.90083333333334,354.407,119.903,6.97,23.0,18.0,10.0499
2025-08-09,10.045000416666667,11.3725,8.3875,90.24020416666667,100.0,77.7325,0.0,0.0,1.0175231208333333,2.36881,0.0347899,270.25504166666667,354.844,72.644,5.98,27.0,24.0,7.99277
2025-08-10,10.332156666666666,13.5875,7.75675,89.44865416666666,100.0,61.4375,0.0,0.0,0.8931444166666666,1.74874,0.1,162.67789583333334,325.281,0.0,4.38,27.0,25.0,5.92827
2025-08-11,12.405726086956522,14.7575,10.92,93.92830434782609,100.0,77.7234,0.03125,0.25,1.1132312666666666,2.37888,0.0280167,205.51467749999998,336.027,0.0,7.15,26.0,22.0,9.44923
2025-08-12,13.030520833333334,17.02,10.515,88.4606625,100.0,63.3825,0.1875,1.25,1.3975790000000001,3.23856,0.138178,187.9240670833333,341.613,1.22261,4.65,16.0,12.0,7.59326
2025-08-13,11.13358125,18.3367,6.555,81.59146249999999,100.0,37.4625,0.0,0.0,1.5265100416666666,2.29024,0.045385,166.70725000000002,350.003,123.521,4.51,20.0,16.0,6.99975
2025-08-14,11.795865,20.205,7.255,79.543025,91.825,41.4675,0.0,0.0,2.5101455,5.39022,0.945692,206.07208333333332,319.656,119.39,4.38,21.0,15.0,7.08956
2025-08-15,12.688749999999999,14.775,10.7275,88.28384999999999,100.0,72.6725,0.03125,0.25,0.9734273625,2.32286,0.0188657,237.49900333333335,352.768,7.74698,4.0,25.0,17.0,5.90286
2025-08-16,12.403125000000001,15.635,10.2725,89.37656666666668,100.0,61.215,0.125,2.0,1.150792,3.63577,0.110435,220.10968749999998,342.158,84.2325,3.62,23.0,19.0,5.96309
2025-08-17,11.451188333333334,17.8275,8.17101,89.33157083333333,100.0,57.83,0.0,0.0,1.1744652916666667,3.94283,0.103902,185.79624166666667,312.617,10.8518,3.72,26.0,23.0,6.08641
2025-08-18,11.506833333333333,16.9625,7.90125,88.52562499999999,100.0,57.9675,0.0,0.0,1.5214649583333335,3.07396,0.556843,232.095,338.204,112.449,5.05,23.0,20.0,8.67088
2025-08-19,11.71375,13.835,10.1825,96.58052083333332,100.0,80.0575,0.7604166666666666,4.5,1.9300162041666666,4.0281,0.0198188,288.71564166666667,358.048,66.4034,8.18,26.0,20.0,12.7693
2025-08-20,12.722812500000002,15.895,11.285,87.22667083333333,100.0,64.3525,0.08333333333333333,1.0,1.7923348749999999,3.49974,0.626617,298.12575,333.747,242.349,3.23,6.0,5.0,5.77527
2025-08-21,9.514385416666666,11.9225,6.00675,84.57645833333333,100.0,71.0525,0.7395833333333334,5.75,3.426948583333333,5.60695,0.144931,275.05099583333333,335.171,86.2939,2.47,11.0,8.0,4.32541
2025-08-22,7.332479166666666,11.28,4.94825,86.6225,100.0,55.9175,0.28125,2.0,1.2085702083333334,4.77617,0.106411,181.780675,342.98,14.7465,4.81,18.0,16.0,7.43677
2025-08-23,7.381354166666667,12.2875,3.2975,86.61490416666668,100.0,56.835,0.0,0.0,1.0481902541666666,2.58246,0.0877991,195.93657083333335,292.99,95.4987,3.68,16.0,15.0,6.29325
2025-08-24,9.879490416666666,13.645,7.4825,95.85041666666666,100.0,79.0975,0.03125,0.25,0.7640958304166666,2.71937,0.00221253,171.71006250000002,335.97,0.0,4.69,34.0,30.0,6.83368
2025-08-25,12.166145833333333,19.915,6.73575,82.70302083333333,100.0,50.4575,0.0,0.0,1.703778375,3.28945,0.768829,149.67154166666668,201.723,107.141,3.02,15.0,11.0,4.8586
2025-08-26,13.302875,21.4025,7.522,78.53302083333334,100.0,46.145,0.0,0.0,2.0258178504166664,3.14487,0.00956441,141.69221666666667,180.276,36.7622,5.65,17.0,13.0,7.47501
2025-08-27,11.590635833333332,17.7575,7.65875,87.36479583333333,100.0,58.9425,0.0,0.0,2.1827560416666665,4.146,0.43406,219.74520833333335,330.05,112.777,4.63,19.0,15.0,7.50129
2025-08-28,11.585416666666667,13.88,10.205,81.40801666666667,94.15,64.8,0.0,0.0,0.9691858333333333,3.11413,0.0632331,251.31488333333334,328.633,18.4312,2.49,13.0,10.0,3.6775
2025-08-29,10.710219166666667,14.07,7.73475,83.55937916666666,100.0,60.3725,0.0,0.0,0.39688229583333334,1.13432,0.0559753,167.38939166666668,291.913,0.0,5.1,30.0,25.0,8.54327
2025-08-30,11.104104583333333,18.0925,7.0555,84.80823333333333,100.0,49.2425,0.0,0.0,1.210970875,1.99175,0.300312,190.60282499999997,336.52,88.7756,4.52,35.0,27.0,6.94971
2025-08-31,11.541041666666667,12.97,10.665,93.24385833333334,100.0,77.1075,0.0,0.0,0.8746100291666666,1.84789,0.0895077,241.04582083333332,338.345,0.0,4.01,27.0,22.0,5.15662
2025-09-01,11.369063333333335,14.78,9.3,86.74052499999999,100.0,67.28,0.0,0.0,0.9181246125000001,2.86894,0.0904592,236.52620833333333,351.775,0.0,3.55,14.0,12.0,4.72922
2025-09-02,10.244773333333333,12.955,7.03125,76.63486666666667,100.0,51.465,0.13541666666666666,1.25,1.5751239124999998,3.77108,0.0644149,207.6337583333333,352.86,14.8913,5.71,18.0,15.0,7.52332
2025-09-03,8.613093749999999,14.16,3.1605,76.73447916666667,100.0,49.645,0.0,0.0,2.130579583333333,4.79186,1.06839,155.58654166666665,210.034,107.351,2.45,17.0,15.0,3.64332
2025-09-04,10.146614166666668,18.2075,2.8355,64.96355416666667,94.25,31.64,0.0,0.0,1.4296623166666667,3.26393,0.0423626,141.23435,199.233,64.8735,5.96,30.0,25.0,9.53371
2025-09-05,9.681614583333333,15.8475,3.649,81.26865416666666,100.0,39.4875,0.0,0.0,1.7400031375000002,4.4964,0.0994313,214.44065,325.958,76.571,5.0,28.0,19.0,10.3183
2025-09-06,10.668750416666667,11.495,9.78999,80.42687916666667,91.025,64.965,0.0,0.0,1.5371278333333331,3.4757,0.117766,275.68299833333333,358.195,2.85626,2.36,23.0,16.0,3.37789
2025-09-07,9.588124583333334,10.9375,8.3875,91.41135833333334,100.0,74.9,0.041666666666666664,0.5,1.050007675,3.05854,0.0918022,242.04104166666664,347.191,0.0,3.17,19.0,17.0,4.39503
2025-09-08,11.039281666666668,14.1825,7.51525,80.99750833333333,100.0,54.2925,0.0625,1.5,2.88407025,5.48444,0.162658,258.1750083333333,337.686,72.3022,2.88,14.0,11.0,5.41238
2025-09-09,12.279791666666666,13.8075,10.9375,91.51000416666666,100.0,79.5651,0.7291666666666666,6.25,4.994432083333334,5.91307,3.65039,313.45116666666667,331.45,271.245,1.39,6.0,4.0,2.40242
2025-09-10,13.753332916666666,18.7925,9.25999,79.53812916666666,100.0,49.83,0.010416666666666666,0.25,1.6713702916666666,3.80043,0.533474,239.68612083333335,342.655,95.1663,5.96,50.0,21.0,8.70532
2025-09-11,11.58557375,19.215,5.9645,80.976775,100.0,41.5225,0.0,0.0,1.079857375,2.52431,0.1,157.6924875,356.435,0.0,4.82,28.0,21.0,8.52193
2025-09-12,10.112864166666666,15.5425,5.5135,87.87041666666666,100.0,55.4375,0.15625,1.5,1.7528081249999998,3.66102,0.1,230.61404166666668,326.49,0.0,4.72,29.0,23.0,9.49104
2025-09-13,12.347812500000002,15.9325,8.75751,82.568125,100.0,56.02,0.22916666666666666,2.5,1.6075316124999999,3.6418,0.0962477,251.40024395833333,354.31,0.109555,2.81,13.0,9.0,3.85998
2025-09-14,11.212749583333334,17.1075,5.67175,78.68500833333333,100.0,45.5125,0.0,0.0,1.357152,3.47674,0.273317,163.25878291666666,337.184,5.29179,1.98,17.0,13.0,3.16832
2025-09-15,12.121333333333332,19.4575,5.927,74.77625,100.0,38.9325,0.0,0.0,1.2630875,2.17224,0.102314,147.24065416666667,276.975,84.8958,3.48,19.0,13.0,5.07532
2025-09-16,13.3044475,20.105,7.73875,81.60750416666666,100.0,48.015,0.0,0.0,0.9138862875,2.38361,0.0665607,150.80589583333332,340.56,0.0,3.54,18.0,13.0,5.68974
2025-09-17,12.303958333333334,14.4925,10.6775,91.06833333333333,100.0,76.325,0.03125,0.5,1.9422635916666666,3.737,0.0650772,292.6057916666667,349.181,0.0,3.99,16.0,13.0,5.95823
2025-09-18,12.604479166666666,13.51,11.895,87.65240833333333,100.0,75.4175,0.28125,3.0,1.9326874583333333,2.86758,0.636669,312.3772916666667,331.262,287.186,1.12,10.0,7.0,2.12479
2025-09-19,12.658020833333333,13.3325,11.285,99.87083333333334,100.0,96.925,1.1875,6.0,2.2125725,3.50127,1.21186,308.8887916666667,356.679,286.56,1.07,7.0,5.0,2.06742
2025-09-20,11.495415833333333,14.3425,8.96249,92.683125,100.0,75.9525,1.0416666666666667,5.5,2.688072083333333,6.71516,0.383675,296.63189458333335,338.714,9.72247,2.4,13.0,11.0,3.44437
2025-09-21,10.99181375,14.285,7.34775,79.79322499999999,100.0,53.375,0.20833333333333334,2.0,1.4433179125000002,4.08257,0.0776589,177.32966833333333,347.169,4.02254,3.31,18.0,15.0,4.56571
2025-09-22,11.28532125,16.5875,6.778,75.86395833333333,100.0,42.2975,0.0,0.0,1.2151067916666667,2.78936,0.213857,156.77970833333333,202.575,123.969,2.59,13.0,10.0,4.18476
2025-09-23,12.64027875,18.095,8.77,75.05077083333333,97.5,45.9775,0.0,0.0,1.0413866916666665,2.92795,0.0360456,154.53341666666668,296.574,11.1806,4.22,15.0,11.0,8.18687
2025-09-24,13.936052916666668,23.815,8.07526,75.97083333333333,100.0,29.8775,0.0,0.0,1.3780116041666668,2.35126,0.0927385,213.16049999999998,342.057,116.848,4.29,14.0,10.0,5.92858
2025-09-25,12.493855000000002,15.5025,8.6675,85.46376249999999,100.0,64.86,0.15625,1.75,2.737002625,5.06067,0.205498,293.6995166666667,354.095,80.2434,3.38,12.0,7.0,5.63122
2025-09-26,13.014479166666666,15.0725,10.8225,79.471775,100.0,54.91,0.25,3.5,2.3568627083333333,4.13828,0.584864,299.8897083333333,343.969,257.188,3.36,13.0,7.0,5.10222
2025-09-27,13.162812916666667,18.88,9.99251,78.91219166666666,100.0,47.375,0.125,1.25,0.9953180541666667,3.74376,0.0538082,193.4769125,355.641,10.8309,2.36,12.0,8.0,3.55439
2025-09-28,11.754062500000002,14.8425,9.7175,92.62093750000001,100.0,78.9,0.11458333333333333,1.5,0.9443354916666666,2.63401,0.0428275,223.05663374999997,346.263,0.0,2.51,16.0,12.0,3.55192
2025-09-29,12.257572916666668,16.8975,8.71925,66.99313333333333,93.625,40.4175,0.0,0.0,1.8787721499999999,4.7803,0.0729086,137.35931250000002,225.318,22.4048,4.44,21.0,13.0,7.16953
2025-09-30,12.906197916666665,20.4975,5.70825,70.70229583333334,100.0,37.0775,0.0,0.0,2.140341333333333,4.6552,0.860932,148.3245,207.142,119.339,2.79,15.0,9.0,3.95989
2025-10-01,13.45354125,21.715,6.52325,75.25208333333333,100.0,42.67,0.0,0.0,1.1864157916666667,2.31025,0.1,135.55117916666669,191.792,0.0,4.38,20.0,12.0,7.1371
2025-10-02,12.83915625,19.865,6.74475,79.16531666666667,100.0,47.305,0.0,0.0,1.3875630833333332,2.89245,0.301295,218.71670416666666,328.084,84.5071,4.55,18.0,9.0,7.6039
2025-10-03,12.112697916666667,15.6125,7.7125,72.64114583333334,98.85,53.625,0.0,0.0,2.3485433749999998,4.65015,0.1,225.99735416666667,346.253,0.0,2.77,9.0,6.0,4.39024
2025-10-04,12.238125000000002,14.8175,10.27,79.67219583333333,100.0,56.71,0.8125,3.75,3.12526525,6.03514,0.700586,303.60454166666665,341.356,251.535,2.37,7.0,6.0,3.38855
2025-10-05,10.791469166666666,14.965,7.16675,77.92458333333333,100.0,51.52,0.16666666666666666,3.0,1.5525490833333333,4.49788,0.184089,172.96005416666665,288.859,79.1616,1.9,9.0,8.0,3.1326
2025-10-06,11.85509375,19.235,5.24575,71.1634375,100.0,37.735,0.0,0.0,1.8469072083333333,5.87453,0.23971,138.09601666666666,210.126,78.4583,3.19,16.0,12.0,4.60036
2025-10-07,14.496979583333333,20.785,8.2775,75.16583333333334,100.0,44.285,0.0,0.0,1.8287785833333334,4.83552,0.301113,134.75885,209.362,74.0656,4.04,15.0,8.0,8.52034
2025-10-08,15.149999583333333,24.5525,8.5675,75.76459166666667,100.0,40.935,0.0,0.0,1.2402795416666665,2.75119,0.1,147.508375,220.095,0.0,2.39,14.0,6.0,3.88346
2025-10-09,14.3779175,20.425,8.685,74.7508375,100.0,48.27,0.0,0.0,1.0419479166666668,1.89179,0.1,113.5474,206.489,0.0,3.57,19.0,8.0,6.57123
2025-10-10,12.899687499999999,16.5175,10.52,84.99270833333334,100.0,56.005,0.7916666666666666,8.75,1.7139320583333333,4.31704,0.0500416,194.68976345833335,337.349,0.0,3.02,12.0,7.0,4.93938
2025-10-11,11.892250833333334,15.9025,7.266,73.18198333333333,100.0,48.0425,0.0,0.0,1.75296375,4.29293,0.13528,163.56147916666666,230.822,68.9084,2.2,10.0,7.0,5.10826
2025-10-12,12.7419175,19.6525,6.99125,67.89854583333333,89.475,39.1475,0.0,0.0,1.4412392791666668,5.27661,0.0674787,152.54662083333332,224.767,19.293,2.52,11.0,6.0,3.62103
2025-10-13,14.232916666666666,21.59,7.73325,72.47458333333334,100.0,40.7175,0.0,0.0,1.4101784708333334,2.60961,0.0790303,146.83239583333332,203.169,69.2155,2.14,14.0,7.0,3.21288
2025-10-14,13.589374999999999,19.1925,9.7325,81.3846875,100.0,54.1925,0.0,0.0,1.5333442916666666,4.74645,0.159331,208.87819166666668,348.164,16.1064,2.61,8.0,5.0,4.29172
2025-10-15,13.779583333333333,16.8525,10.8075,86.83958333333334,100.0,67.5975,0.14583333333333334,1.25,2.1059535,3.31578,0.143617,283.9460833333333,338.113,109.424,3.18,8.0,6.0,4.52759
2025-10-16,13.144666,20.6833,8.1875,70.73307272727273,100.0,41.38,0.0,0.0,1.7984032954545455,5.36809,0.0375385,164.5522409090909,293.501,94.2783,1.96,19.0,7.0,3.03103
2025-10-17,15.436854166666668,24.6325,6.8645,61.4463625,94.775,23.945,0.0,0.0,1.2029637083333333,2.63342,0.151648,144.16170416666668,191.162,60.7372,5.08,22.0,11.0,10.2349
2025-10-18,15.0709375,22.2125,8.99251,70.08916666666667,90.375,40.76,0.0,0.0,1.7963745416666665,3.14521,0.501947,225.24804166666664,323.963,132.089,2.94,22.0,10.0,4.19766
2025-10-19,13.935208333333334,20.31,10.1375,77.22947916666666,100.0,46.8075,0.0,0.0,1.403809625,3.6283,0.28488,234.69144291666666,356.657,7.55043,3.66,14.0,7.0,5.02839
2025-10-20,13.172917083333333,17.4525,8.50999,84.81676666666667,100.0,62.9,0.0,0.0,1.2211745,2.55029,0.166226,239.94233333333332,320.61,103.501,2.67,7.0,4.0,5.70934
2025-10-21,15.179166666666667,19.9125,11.4075,70.10375,100.0,41.6825,0.0,0.0,1.722480375,4.59677,0.18671,186.3482625,330.117,58.6366,4.4,15.0,6.0,7.75415
2025-10-22,14.2916675,20.53,8.74001,70.051375,100.0,42.285,0.0,0.0,1.6902749166666666,3.99605,0.630538,164.5876875,248.458,90.8925,2.59,12.0,6.0,3.81497
2025-10-23,13.968645833333333,17.655,10.1725,65.69615,78.1725,47.1525,0.0,0.0,2.201834208333333,5.5962,0.452297,171.32735833333334,259.898,60.505,3.74,9.0,5.0,7.54331
2025-10-24,12.92302125,16.3075,9.2775,62.2603125,92.95,40.575,0.0,0.0,3.0177228333333335,7.15672,0.759724,170.442625,213.81,111.894,3.01,14.0,6.0,4.82119
2025-10-25,11.951218333333335,17.165,5.5985,64.1245875,96.475,36.9225,0.0,0.0,2.399125833333333,4.9644,0.75821,170.03608333333332,232.104,107.718,1.83,8.0,4.0,3.71992
2025-10-26,15.241875,20.56,11.105,69.52574166666666,84.525,53.075,0.0,0.0,1.5306387916666668,3.69276,0.147791,191.1546375,353.942,58.2621,2.22,6.0,3.0,3.2794
2025-10-27,17.662499999999998,26.835,9.9075,57.66292083333334,100.0,16.895,0.0,0.0,1.6622032083333333,3.28927,0.200189,133.71765,211.562,22.0713,2.87,16.0,8.0,4.48539
2025-10-28,17.004583333333333,22.8225,10.535,44.516354166666666,69.4725,26.54,0.0,0.0,2.203617,4.32097,0.168068,187.66177916666666,313.727,74.9247,1.87,17.0,4.0,2.96498
2025-10-29,15.783333333333333,23.0475,9.25,60.11573333333333,86.475,35.5475,0.0,0.0,1.5287489583333331,3.80063,0.37219,172.31832083333333,293.161,93.2147,2.94,21.0,5.0,4.63704
2025-10-30,15.215000000000002,21.11,10.835,68.64114583333334,94.35,48.13,0.0,0.0,1.7810155833333334,5.19255,0.510203,157.14402916666666,244.838,90.011,2.77,19.0,5.0,4.896
2025-10-31,14.137187500000001,17.56,11.145,67.52115833333333,90.975,48.7,0.0,0.0,2.6109932916666665,6.27859,0.278939,190.76295833333333,326.777,54.4827,2.62,8.0,4.0,3.69366
2025-11-01,9.622666666666667,12.2925,7.9915,93.00472222222223,100.0,76.0175,0.0,0.0,1.4019163333333333,2.13945,0.900119,137.63533333333334,184.178,114.691,3.990840336134454,26.603932584269664,15.08659217877095,6.638624397759104
2025-11-02,14.18076317979851,19.605415616438357,9.763058903835615,76.62202374557195,95.80263780821916,50.98284794520548,0.1144466376620495,0.839041095890411,1.751531134885822,3.6476965753424655,0.32357261205479454,203.06861982358728,304.45291506849316,73.29743708767123,3.990840336134454,26.603932584269664,15.08659217877095,6.638624397759104
2025-11-03,13.245687499999999,14.4425,11.328,79.71033750000001,88.325,69.4301,0.0,0.0,1.827727777777778,2.644,1.13809,294.1897777777778,347.166,2.24208e-44,3.990840336134454,26.603932584269664,15.08659217877095,6.638624397759104
2025-11-04,15.113645833333335,18.965,12.5125,73.904175,90.475,51.5225,0.0,0.0,1.3591320416666666,4.78151,0.154124,231.3056375,339.061,83.9073,2.15,11.0,5.0,3.16873
2025-11-05,15.992395833333333,22.1825,10.4175,71.57844583333333,100.0,36.575,0.0,0.0,1.7474752916666667,4.14817,0.484357,192.25365833333333,326.539,54.0841,2.32,22.0,8.0,3.96266
2025-11-06,14.347395833333332,18.495,11.96,77.64969583333333,91.775,56.095,0.0,0.0,1.7123509166666668,4.15317,0.483071,267.0734145833333,356.313,2.80205,4.02,26.0,9.0,5.38756
2025-11-07,15.370520833333332,18.8775,12.475,66.0501125,86.65,47.4825,0.0,0.0,1.6674582083333334,5.99503,0.424164,194.368015,354.18,4.37613,2.38,21.0,7.0,3.77996
2025-11-08,15.746145833333335,21.2525,10.655,68.47791666666667,96.175,39.835,0.0,0.0,2.120948125,4.03383,0.578165,216.26873333333333,324.18,83.6356,1.73,19.0,7.0,3.20803
2025-11-09,10.741671428571427,11.4925,9.92,89.14047142857143,92.9,85.6,0.0,0.0,0.3730936285714286,0.55094,0.0930904,98.49667142857143,298.964,22.7062,3.990840336134454,26.603932584269664,15.08659217877095,6.638624397759104
2025-11-10,15.916316666666667,18.3375,13.44,65.69687499999999,80.775,50.9925,0.0,0.0,3.290767769230769,6.12683,0.943521,262.0663076923077,334.714,210.555,3.990840336134454,26.603932584269664,15.08659217877095,6.638624397759104
2025-11-11,14.900520833333333,17.875,11.915,71.92355833333333,94.375,52.195,0.17708333333333334,3.5,2.0406567916666667,4.11799,0.513291,228.95229041666667,352.107,2.61457,2.39,4.0,2.0,3.70257
2025-11-12,16.175625,23.285,9.095,64.2727125,100.0,27.49,0.0,0.0,2.1190943333333334,4.39972,0.387849,156.821225,219.13,61.6014,1.8,14.0,3.0,2.94903
2025-11-13,17.910104583333332,25.385,9.85751,60.529270833333335,97.025,32.5125,0.0,0.0,1.8537609999999998,3.8695,0.519097,148.87800416666667,215.188,73.905,2.98,20.0,5.0,4.79836
2025-11-14,17.129062916666665,25.275,9.45,66.10625,99.55,39.325,0.0,0.0,1.3636860000000002,3.84711,0.286917,182.90461249999998,308.113,47.8035,4.28,27.0,7.0,8.07137
2025-11-15,16.443125,23.0825,12.405,72.27209166666667,93.1,48.9225,0.0,0.0,1.7740233333333333,6.41301,0.30798,163.40390416666665,351.962,31.3499,2.4,15.0,5.0,3.86795
2025-11-16,16.389166666666664,22.9475,9.8075,51.8925,79.2,32.0275,0.0,0.0,1.8032073333333332,2.79504,0.712111,147.33240416666666,202.24,74.9495,1.64,10.0,4.0,2.65058
2025-11-17,17.21229166666667,25.25,10.465,60.3169875,91.025,23.7825,0.0,0.0,2.4644452500000003,7.1261,0.524054,157.71582083333334,228.502,51.2629,1.87,19.0,4.0,2.94345
2025-11-18,18.98875,25.0475,13.515,59.93702380952381,89.775,31.8175,0.0,0.0,1.8177142916666666,3.56269,0.407866,139.84630416666667,218.613,52.9042,2.27,22.0,1.0,3.27126
2025-11-19,18.758020833333333,26.5075,12.895,60.1733375,87.625,34.5675,0.0,0.0,2.48876625,5.34893,0.601657,174.31433333333334,286.631,108.972,1.5,17.0,0.0,2.51432
2025-11-20,17.90520833333333,22.5575,13.9775,60.78791666666667,87.575,40.4925,0.0,0.0,2.3419005416666665,3.68292,0.661613,172.62179166666667,217.116,105.325,1.58,16.0,0.0,2.61549
2025-11-21,20.450104166666666,29.1175,12.4625,52.9258695652174,89.5,23.39,0.0,0.0,1.76464025,2.58297,0.273623,181.365625,320.145,123.362,2.04,6.0,4.0,3.05378
2025-11-22,19.297604166666666,26.64,11.565,61.89875,99.175,28.63,0.0,0.0,2.13688575,3.5693,0.442653,247.3680208333333,349.897,10.3409,4.15,3.0,9.0,5.70734
2025-11-23,15.847499999999998,22.25,12.3775,79.12989583333334,100.0,50.5975,0.0,0.0,2.9478585833333333,5.39203,0.822108,328.3039166666667,345.615,303.235,2.29,2.0,11.0,3.29857
2025-11-24,15.002916666666666,19.16,12.385,82.11115,95.225,63.0925,0.0,0.0,2.8128622500000002,4.76671,0.875978,313.0190416666667,342.505,244.801,1.98,14.0,10.0,3.23591
2025-11-25,14.498229166666667,16.23,13.1625,83.62583333333333,91.6,75.33,0.0,0.0,2.306994875,3.67445,0.964527,292.70499808333335,344.295,0.469954,2.17,27.0,10.0,3.27664
2025-11-26,14.739479166666667,17.675,13.4425,82.27729583333333,88.2,65.8375,0.0,0.0,1.6254267916666667,3.35749,0.439653,271.9252166666667,343.267,9.6642,2.31,16.0,5.0,3.40953
2025-11-27,17.187916666666666,21.8425,14.035,69.66562499999999,90.3,45.815,0.0,0.0,1.702582125,3.14998,0.422135,227.22492083333336,344.732,50.3468,1.56,14.0,4.0,2.55544
2025-11-28,16.783125000000002,20.4025,11.64,70.60709166666668,98.975,44.185,0.0,0.0,3.251959,5.62511,0.212124,282.8315083333333,337.906,51.1062,1.88,14.0,3.0,2.98476
2025-11-29,17.36104166666667,20.55,15.2475,73.56968333333333,87.45,48.42,0.0,0.0,3.591646666666667,5.63632,1.55183,323.3235833333333,341.593,305.252,1.04,15.0,4.0,2.08588
2025-11-30,16.76458333333333,19.6425,13.45,73.55989583333333,92.575,51.725,0.010416666666666666,0.25,2.637168791666667,4.2247,0.249824,293.53970833333335,339.79,200.352,1.04,12.0,2.0,2.08629
2025-12-01,16.2315625,20.545,11.64,77.022925,100.0,51.5575,0.0,0.0,1.8628366708333333,4.48978,0.0811501,177.34899166666665,295.479,27.781,1.8,12.0,4.0,2.90237
2025-12-02,18.238854166666666,22.79,13.1475,66.67854583333333,85.75,43.32,0.0,0.0,2.279951083333333,5.64859,0.506969,174.83836250000002,291.389,92.3428,1.99,14.0,3.0,3.30759
2025-12-03,20.549895833333334,28.15,13.8025,68.34073333333333,100.0,40.4225,0.0,0.0,1.4897552916666665,3.87866,0.269167,152.815425,264.675,62.9008,2.56,25.0,4.0,3.67158
2025-12-04,19.878854166666667,26.4375,13.685,61.61958333333333,85.475,38.4925,0.0,0.0,1.9045035833333335,4.03609,0.807346,158.7477875,233.86,77.2609,2.57,21.0,3.0,3.96555
2025-12-05,19.798020833333332,27.685,11.5875,51.05770833333333,82.425,23.3275,0.0,0.0,1.758767875,2.88977,0.964959,156.11629166666668,220.704,109.237,2.01,28.0,6.0,3.01881
2025-12-06,18.586666666666666,28.4825,12.65,60.92312916666666,84.225,28.01,0.0,0.0,2.3403230833333333,5.16282,0.379995,237.64323333333334,339.983,56.3502,2.53,33.0,8.0,3.54896
2025-12-07,17.747083333333332,22.2,13.605,75.48729166666666,100.0,56.9675,0.0,0.0,2.3455409166666668,4.22102,0.407846,265.27746874999997,348.451,9.16525,1.68,36.0,12.0,2.68929
2025-12-08,17.176979166666666,23.5175,14.3825,81.35937916666667,95.45,54.5475,0.0,0.0,2.5492382499999997,4.28088,0.224354,313.71545833333334,352.394,193.91,1.68,34.0,10.0,2.71201
2025-12-09,16.344386666666665,18.175,14.895,83.38938666666667,100.0,65.9133,0.014705882352941176,0.25,2.143824266666667,5.33063,0.771174,305.17133333333334,359.431,246.441,3.990840336134454,26.603932584269664,15.08659217877095,6.638624397759104
2025-12-10,17.034479166666667,20.0625,14.66,84.0208375,100.0,67.8075,0.0,0.0,1.9267641666666666,4.15968,0.119706,313.72841666666665,353.37,248.709,3.990840336134454,26.603932584269664,15.08659217877095,6.638624397759104
2025-12-11,18.90675,24.1075,13.9725,68.66438500000001,97.4,45.4425,0.0,0.0,2.39329525,5.63317,0.212566,248.365355,344.548,25.0904,3.990840336134454,26.603932584269664,15.08659217877095,6.638624397759104
